STATE_1,STATE_1_ABBR,STATE_2,STATE_2_ABBR,PATH,PATH_INVERSE,DISTANCE
Alabama,AL,﻿Alabama,AL,AL,AL,0
﻿Alabama,AL,Arizona,AZ,ALMSLATXNMAZ,AZNMTXLAMSAL,5
﻿Alabama,AL,Arkansas,AR,ALMSAR,ARMSAL,2
﻿Alabama,AL,California,CA,ALMSLATXNMAZCA,CAAZNMTXLAMSAL,6
﻿Alabama,AL,Colorado,CO,ALTNMOKSCO,COKSMOTNAL,4
﻿Alabama,AL,Connecticut,CT,ALTNKYWVPANYCT,CTNYPAWVKYTNAL,6
﻿Alabama,AL,Delaware,DE,ALTNVAMDDE,DEMDVATNAL,4
﻿Alabama,AL,Florida,FL,ALFL,FLAL,1
﻿Alabama,AL,Georgia,GA,ALGA,GAAL,1
﻿Alabama,AL,Idaho,ID,ALTNMONEWYID,IDWYNEMOTNAL,5
﻿Alabama,AL,Illinois,IL,ALTNKYIL,ILKYTNAL,3
﻿Alabama,AL,Indiana,IN,ALTNKYIN,INKYTNAL,3
﻿Alabama,AL,Iowa,IA,ALTNMOIA,IAMOTNAL,3
﻿Alabama,AL,Kansas,KS,ALTNMOKS,KSMOTNAL,3
﻿Alabama,AL,Kentucky,KY,ALTNKY,KYTNAL,2
﻿Alabama,AL,Louisiana,LA,ALMSLA,LAMSAL,2
﻿Alabama,AL,Maine,ME,ALTNKYWVPANYVTNHME,MENHVTNYPAWVKYTNAL,8
﻿Alabama,AL,Maryland,MD,ALTNVAMD,MDVATNAL,3
﻿Alabama,AL,Massachusetts,MA,ALTNKYWVPANYMA,MANYPAWVKYTNAL,6
﻿Alabama,AL,Michigan,MI,ALTNKYINMI,MIINKYTNAL,4
﻿Alabama,AL,Minnesota,MN,ALTNMOIAMN,MNIAMOTNAL,4
﻿Alabama,AL,Mississippi,MS,ALMS,MSAL,1
﻿Alabama,AL,Missouri,MO,ALTNMO,MOTNAL,2
﻿Alabama,AL,Montana,MT,ALTNMONEWYMT,MTWYNEMOTNAL,5
﻿Alabama,AL,Nebraska,NE,ALTNMONE,NEMOTNAL,3
﻿Alabama,AL,Nevada,NV,ALMSLATXNMAZNV,NVAZNMTXLAMSAL,6
﻿Alabama,AL,New Hampshire,NH,ALTNKYWVPANYVTNH,NHVTNYPAWVKYTNAL,7
﻿Alabama,AL,New Jersey,NJ,ALTNVAMDPANJ,NJPAMDVATNAL,5
﻿Alabama,AL,New Mexico,NM,ALMSLATXNM,NMTXLAMSAL,4
﻿Alabama,AL,New York,NY,ALTNKYWVPANY,NYPAWVKYTNAL,5
﻿Alabama,AL,North Carolina,NC,ALGANC,NCGAAL,2
﻿Alabama,AL,North Dakota,ND,ALTNMOIAMNND,NDMNIAMOTNAL,5
﻿Alabama,AL,Ohio,OH,ALTNKYOH,OHKYTNAL,3
﻿Alabama,AL,Oklahoma,OK,ALTNMOOK,OKMOTNAL,3
﻿Alabama,AL,Oregon,OR,ALTNMONEWYIDOR,ORIDWYNEMOTNAL,6
﻿Alabama,AL,Pennsylvania,PA,ALTNKYWVPA,PAWVKYTNAL,4
﻿Alabama,AL,Rhode Island,RI,ALTNKYWVPANYCTRI,RICTNYPAWVKYTNAL,7
﻿Alabama,AL,South Carolina,SC,ALGASC,SCGAAL,2
﻿Alabama,AL,South Dakota,SD,ALTNMOIASD,SDIAMOTNAL,4
﻿Alabama,AL,Tennessee,TN,ALTN,TNAL,1
﻿Alabama,AL,Texas,TX,ALMSLATX,TXLAMSAL,3
﻿Alabama,AL,Utah,UT,ALMSAROKCOUT,UTCOOKARMSAL,5
﻿Alabama,AL,Vermont,VT,ALTNKYWVPANYVT,VTNYPAWVKYTNAL,6
﻿Alabama,AL,Virginia,VA,ALTNVA,VATNAL,2
﻿Alabama,AL,Washington,WA,ALTNMONEWYIDWA,WAIDWYNEMOTNAL,6
﻿Alabama,AL,West Virginia,WV,ALTNKYWV,WVKYTNAL,3
﻿Alabama,AL,Wisconsin,WI,ALTNMOILWI,WIILMOTNAL,4
﻿Alabama,AL,Wyoming,WY,ALTNMONEWY,WYNEMOTNAL,4
Arizona,AZ,Arizona,AZ,AZ,AZ,0
Arizona,AZ,Arkansas,AR,AZNMTXAR,ARTXNMAZ,3
Arizona,AZ,California,CA,AZCA,CAAZ,1
Arizona,AZ,Colorado,CO,AZUTCO,COUTAZ,2
Arizona,AZ,Connecticut,CT,AZNMOKMOKYWVPANYCT,CTNYPAWVKYMOOKNMAZ,8
Arizona,AZ,Delaware,DE,AZNMOKMOKYWVMDDE,DEMDWVKYMOOKNMAZ,7
Arizona,AZ,Florida,FL,AZNMTXLAMSALFL,FLALMSLATXNMAZ,6
Arizona,AZ,Georgia,GA,AZNMOKARTNGA,GATNAROKNMAZ,5
Arizona,AZ,Idaho,ID,AZUTID,IDUTAZ,2
Arizona,AZ,Illinois,IL,AZNMOKMOIL,ILMOOKNMAZ,4
Arizona,AZ,Indiana,IN,AZNMOKMOILIN,INILMOOKNMAZ,5
Arizona,AZ,Iowa,IA,AZNMCONEIA,IANECONMAZ,4
Arizona,AZ,Kansas,KS,AZNMCOKS,KSCONMAZ,3
Arizona,AZ,Kentucky,KY,AZNMOKMOKY,KYMOOKNMAZ,4
Arizona,AZ,Louisiana,LA,AZNMTXLA,LATXNMAZ,3
Arizona,AZ,Maine,ME,AZNMOKMOKYWVPANYVTNHME,MENHVTNYPAWVKYMOOKNMAZ,10
Arizona,AZ,Maryland,MD,AZNMOKMOKYWVMD,MDWVKYMOOKNMAZ,6
Arizona,AZ,Massachusetts,MA,AZNMOKMOKYWVPANYMA,MANYPAWVKYMOOKNMAZ,8
Arizona,AZ,Michigan,MI,AZNMOKMOILINMI,MIINILMOOKNMAZ,6
Arizona,AZ,Minnesota,MN,AZNMCONEIAMN,MNIANECONMAZ,5
Arizona,AZ,Mississippi,MS,AZNMTXLAMS,MSLATXNMAZ,4
Arizona,AZ,Missouri,MO,AZNMOKMO,MOOKNMAZ,3
Arizona,AZ,Montana,MT,AZUTIDMT,MTIDUTAZ,3
Arizona,AZ,Nebraska,NE,AZNMCONE,NECONMAZ,3
Arizona,AZ,Nevada,NV,AZNV,NVAZ,1
Arizona,AZ,New Hampshire,NH,AZNMOKMOKYWVPANYVTNH,NHVTNYPAWVKYMOOKNMAZ,9
Arizona,AZ,New Jersey,NJ,AZNMOKMOKYWVPANJ,NJPAWVKYMOOKNMAZ,7
Arizona,AZ,New Mexico,NM,AZNM,NMAZ,1
Arizona,AZ,New York,NY,AZNMOKMOKYWVPANY,NYPAWVKYMOOKNMAZ,7
Arizona,AZ,North Carolina,NC,AZNMOKARTNNC,NCTNAROKNMAZ,5
Arizona,AZ,North Dakota,ND,AZUTIDMTND,NDMTIDUTAZ,4
Arizona,AZ,Ohio,OH,AZNMOKMOKYOH,OHKYMOOKNMAZ,5
Arizona,AZ,Oklahoma,OK,AZNMOK,OKNMAZ,2
Arizona,AZ,Oregon,OR,AZNVOR,ORNVAZ,2
Arizona,AZ,Pennsylvania,PA,AZNMOKMOKYWVPA,PAWVKYMOOKNMAZ,6
Arizona,AZ,Rhode Island,RI,AZNMOKMOKYWVPANYMARI,RIMANYPAWVKYMOOKNMAZ,9
Arizona,AZ,South Carolina,SC,AZNMOKARTNNCSC,SCNCTNAROKNMAZ,6
Arizona,AZ,South Dakota,SD,AZUTWYSD,SDWYUTAZ,3
Arizona,AZ,Tennessee,TN,AZNMTXARTN,TNARTXNMAZ,4
Arizona,AZ,Texas,TX,AZNMTX,TXNMAZ,2
Arizona,AZ,Utah,UT,AZUT,UTAZ,1
Arizona,AZ,Vermont,VT,AZNMOKMOKYWVPANYVT,VTNYPAWVKYMOOKNMAZ,8
Arizona,AZ,Virginia,VA,AZNMOKARTNVA,VATNAROKNMAZ,5
Arizona,AZ,Washington,WA,AZUTIDWA,WAIDUTAZ,3
Arizona,AZ,West Virginia,WV,AZNMOKMOKYWV,WVKYMOOKNMAZ,5
Arizona,AZ,Wisconsin,WI,AZUTWYSDMNWI,WIMNSDWYUTAZ,5
Arizona,AZ,Wyoming,WY,AZUTWY,WYUTAZ,2
Arkansas,AR,Arkansas,AR,AR,AR,0
Arkansas,AR,California,CA,AROKNMAZCA,CAAZNMOKAR,4
Arkansas,AR,Colorado,CO,AROKCO,COOKAR,2
Arkansas,AR,Connecticut,CT,ARTNKYWVPANYCT,CTNYPAWVKYTNAR,6
Arkansas,AR,Delaware,DE,ARTNKYWVMDDE,DEMDWVKYTNAR,5
Arkansas,AR,Florida,FL,ARMSALFL,FLALMSAR,3
Arkansas,AR,Georgia,GA,ARTNGA,GATNAR,2
Arkansas,AR,Idaho,ID,ARMONEWYID,IDWYNEMOAR,4
Arkansas,AR,Illinois,IL,ARMOIL,ILMOAR,2
Arkansas,AR,Indiana,IN,ARTNKYIN,INKYTNAR,3
Arkansas,AR,Iowa,IA,ARMOIA,IAMOAR,2
Arkansas,AR,Kansas,KS,ARMOKS,KSMOAR,2
Arkansas,AR,Kentucky,KY,ARTNKY,KYTNAR,2
Arkansas,AR,Louisiana,LA,ARLA,LAAR,1
Arkansas,AR,Maine,ME,ARTNKYWVPANYVTNHME,MENHVTNYPAWVKYTNAR,8
Arkansas,AR,Maryland,MD,ARTNKYWVMD,MDWVKYTNAR,4
Arkansas,AR,Massachusetts,MA,ARTNKYWVPANYMA,MANYPAWVKYTNAR,6
Arkansas,AR,Michigan,MI,ARMOILINMI,MIINILMOAR,4
Arkansas,AR,Minnesota,MN,ARMOIAMN,MNIAMOAR,3
Arkansas,AR,Mississippi,MS,ARMS,MSAR,1
Arkansas,AR,Missouri,MO,ARMO,MOAR,1
Arkansas,AR,Montana,MT,ARMOIASDMT,MTSDIAMOAR,4
Arkansas,AR,Nebraska,NE,ARMONE,NEMOAR,2
Arkansas,AR,Nevada,NV,AROKNMAZNV,NVAZNMOKAR,4
Arkansas,AR,New Hampshire,NH,ARTNKYWVPANYNH,NHNYPAWVKYTNAR,6
Arkansas,AR,New Jersey,NJ,ARTNKYWVPANJ,NJPAWVKYTNAR,5
Arkansas,AR,New Mexico,NM,ARTXNM,NMTXAR,2
Arkansas,AR,New York,NY,ARTNKYWVPANY,NYPAWVKYTNAR,5
Arkansas,AR,North Carolina,NC,ARTNNC,NCTNAR,2
Arkansas,AR,North Dakota,ND,ARMOIAMNND,NDMNIAMOAR,4
Arkansas,AR,Ohio,OH,ARTNKYOH,OHKYTNAR,3
Arkansas,AR,Oklahoma,OK,AROK,OKAR,1
Arkansas,AR,Oregon,OR,ARMONEWYIDOR,ORIDWYNEMOAR,5
Arkansas,AR,Pennsylvania,PA,ARTNKYOHPA,PAOHKYTNAR,4
Arkansas,AR,Rhode Island,RI,ARTNKYWVPANYMARI,RIMANYPAWVKYTNAR,7
Arkansas,AR,South Carolina,SC,ARTNNCSC,SCNCTNAR,3
Arkansas,AR,South Dakota,SD,ARMOIASD,SDIAMOAR,3
Arkansas,AR,Tennessee,TN,ARTN,TNAR,1
Arkansas,AR,Texas,TX,ARTX,TXAR,1
Arkansas,AR,Utah,UT,ARMOKSCOUT,UTCOKSMOAR,4
Arkansas,AR,Vermont,VT,ARTNKYWVPANYVT,VTNYPAWVKYTNAR,6
Arkansas,AR,Virginia,VA,ARTNVA,VATNAR,2
Arkansas,AR,Washington,WA,ARMONEWYIDWA,WAIDWYNEMOAR,5
Arkansas,AR,West Virginia,WV,ARTNKYWV,WVKYTNAR,3
Arkansas,AR,Wisconsin,WI,ARMOILWI,WIILMOAR,3
Arkansas,AR,Wyoming,WY,ARMONEWY,WYNEMOAR,3
California,CA,California,CA,CA,CA,0
California,CA,Colorado,CO,CANVUTCO,COUTNVCA,3
California,CA,Connecticut,CT,CAAZNMOKMOKYWVPANYCT,CTNYPAWVKYMOOKNMAZCA,9
California,CA,Delaware,DE,CAAZNMOKMOKYWVMDDE,DEMDWVKYMOOKNMAZCA,8
California,CA,Florida,FL,CAAZNMOKMOTNGAFL,FLGATNMOOKNMAZCA,7
California,CA,Georgia,GA,CAAZNMOKMOTNGA,GATNMOOKNMAZCA,6
California,CA,Idaho,ID,CANVID,IDNVCA,2
California,CA,Illinois,IL,CAAZNMOKMOIL,ILMOOKNMAZCA,5
California,CA,Indiana,IN,CAAZNMOKMOILIN,INILMOOKNMAZCA,6
California,CA,Iowa,IA,CANVUTCONEIA,IANECOUTNVCA,5
California,CA,Kansas,KS,CANVUTCOKS,KSCOUTNVCA,4
California,CA,Kentucky,KY,CAAZNMOKMOKY,KYMOOKNMAZCA,5
California,CA,Louisiana,LA,CAAZNMTXLA,LATXNMAZCA,4
California,CA,Maine,ME,CAAZNMOKMOKYWVPANYVTNHME,MENHVTNYPAWVKYMOOKNMAZCA,11
California,CA,Maryland,MD,CAAZNMOKMOKYWVMD,MDWVKYMOOKNMAZCA,7
California,CA,Massachusetts,MA,CAAZNMOKMOKYWVPANYMA,MANYPAWVKYMOOKNMAZCA,9
California,CA,Michigan,MI,CAAZNMOKMOILINMI,MIINILMOOKNMAZCA,7
California,CA,Minnesota,MN,CANVUTWYSDMN,MNSDWYUTNVCA,5
California,CA,Mississippi,MS,CAAZNMTXLAMS,MSLATXNMAZCA,5
California,CA,Missouri,MO,CAAZNMOKMO,MOOKNMAZCA,4
California,CA,Montana,MT,CANVIDMT,MTIDNVCA,3
California,CA,Nebraska,NE,CANVUTCONE,NECOUTNVCA,4
California,CA,Nevada,NV,CANV,NVCA,1
California,CA,New Hampshire,NH,CAAZNMOKMOKYWVPANYVTNH,NHVTNYPAWVKYMOOKNMAZCA,10
California,CA,New Jersey,NJ,CAAZNMOKMOKYWVPANJ,NJPAWVKYMOOKNMAZCA,8
California,CA,New Mexico,NM,CAAZNM,NMAZCA,2
California,CA,New York,NY,CAAZNMOKMOKYWVPANY,NYPAWVKYMOOKNMAZCA,8
California,CA,North Carolina,NC,CAAZNMOKMOTNNC,NCTNMOOKNMAZCA,6
California,CA,North Dakota,ND,CAORIDMTND,NDMTIDORCA,4
California,CA,Ohio,OH,CAAZNMOKMOKYOH,OHKYMOOKNMAZCA,6
California,CA,Oklahoma,OK,CAAZNMOK,OKNMAZCA,3
California,CA,Oregon,OR,CAOR,ORCA,1
California,CA,Pennsylvania,PA,CAAZNMOKMOKYWVPA,PAWVKYMOOKNMAZCA,7
California,CA,Rhode Island,RI,CAAZNMOKMOKYWVPANYMARI,RIMANYPAWVKYMOOKNMAZCA,10
California,CA,South Carolina,SC,CAAZNMOKMOTNNCSC,SCNCTNMOOKNMAZCA,7
California,CA,South Dakota,SD,CANVUTWYSD,SDWYUTNVCA,4
California,CA,Tennessee,TN,CAAZNMOKARTN,TNAROKNMAZCA,5
California,CA,Texas,TX,CAAZNMTX,TXNMAZCA,3
California,CA,Utah,UT,CANVUT,UTNVCA,2
California,CA,Vermont,VT,CAAZNMOKMOKYWVPANYVT,VTNYPAWVKYMOOKNMAZCA,9
California,CA,Virginia,VA,CAAZNMOKMOKYVA,VAKYMOOKNMAZCA,6
California,CA,Washington,WA,CAORWA,WAORCA,2
California,CA,West Virginia,WV,CAAZNMOKMOKYWV,WVKYMOOKNMAZCA,6
California,CA,Wisconsin,WI,CANVUTCONEIAWI,WIIANECOUTNVCA,6
California,CA,Wyoming,WY,CANVUTWY,WYUTNVCA,3
Colorado,CO,Colorado,CO,CO,CO,0
Colorado,CO,Connecticut,CT,COKSMOKYWVPANYCT,CTNYPAWVKYMOKSCO,7
Colorado,CO,Delaware,DE,COKSMOKYWVMDDE,DEMDWVKYMOKSCO,6
Colorado,CO,Florida,FL,COKSMOTNGAFL,FLGATNMOKSCO,5
Colorado,CO,Georgia,GA,COKSMOTNGA,GATNMOKSCO,4
Colorado,CO,Idaho,ID,COUTID,IDUTCO,2
Colorado,CO,Illinois,IL,COKSMOIL,ILMOKSCO,3
Colorado,CO,Indiana,IN,COKSMOILIN,INILMOKSCO,4
Colorado,CO,Iowa,IA,CONEIA,IANECO,2
Colorado,CO,Kansas,KS,COKS,KSCO,1
Colorado,CO,Kentucky,KY,COKSMOKY,KYMOKSCO,3
Colorado,CO,Louisiana,LA,CONMTXLA,LATXNMCO,3
Colorado,CO,Maine,ME,COKSMOKYWVPANYVTNHME,MENHVTNYPAWVKYMOKSCO,9
Colorado,CO,Maryland,MD,COKSMOKYWVMD,MDWVKYMOKSCO,5
Colorado,CO,Massachusetts,MA,COKSMOKYWVPANYMA,MANYPAWVKYMOKSCO,7
Colorado,CO,Michigan,MI,CONEIAWIMI,MIWIIANECO,4
Colorado,CO,Minnesota,MN,CONEIAMN,MNIANECO,3
Colorado,CO,Mississippi,MS,COOKARMS,MSAROKCO,3
Colorado,CO,Missouri,MO,COKSMO,MOKSCO,2
Colorado,CO,Montana,MT,COWYMT,MTWYCO,2
Colorado,CO,Nebraska,NE,CONE,NECO,1
Colorado,CO,Nevada,NV,COUTNV,NVUTCO,2
Colorado,CO,New Hampshire,NH,COKSMOKYWVPANYVTNH,NHVTNYPAWVKYMOKSCO,8
Colorado,CO,New Jersey,NJ,COKSMOKYWVPANJ,NJPAWVKYMOKSCO,6
Colorado,CO,New Mexico,NM,CONM,NMCO,1
Colorado,CO,New York,NY,COKSMOKYWVPANY,NYPAWVKYMOKSCO,6
Colorado,CO,North Carolina,NC,COKSMOTNNC,NCTNMOKSCO,4
Colorado,CO,North Dakota,ND,COWYMTND,NDMTWYCO,3
Colorado,CO,Ohio,OH,COKSMOKYOH,OHKYMOKSCO,4
Colorado,CO,Oklahoma,OK,COOK,OKCO,1
Colorado,CO,Oregon,OR,COWYIDOR,ORIDWYCO,3
Colorado,CO,Pennsylvania,PA,COKSMOKYWVPA,PAWVKYMOKSCO,5
Colorado,CO,Rhode Island,RI,COKSMOKYWVPANYMARI,RIMANYPAWVKYMOKSCO,8
Colorado,CO,South Carolina,SC,COKSMOTNGASC,SCGATNMOKSCO,5
Colorado,CO,South Dakota,SD,CONESD,SDNECO,2
Colorado,CO,Tennessee,TN,COKSMOTN,TNMOKSCO,3
Colorado,CO,Texas,TX,CONMTX,TXNMCO,2
Colorado,CO,Utah,UT,COUT,UTCO,1
Colorado,CO,Vermont,VT,COKSMOKYWVPANYVT,VTNYPAWVKYMOKSCO,7
Colorado,CO,Virginia,VA,COKSMOKYVA,VAKYMOKSCO,4
Colorado,CO,Washington,WA,COWYIDWA,WAIDWYCO,3
Colorado,CO,West Virginia,WV,COKSMOKYWV,WVKYMOKSCO,4
Colorado,CO,Wisconsin,WI,CONEIAWI,WIIANECO,3
Colorado,CO,Wyoming,WY,COWY,WYCO,1
Connecticut,CT,Connecticut,CT,CT,CT,0
Connecticut,CT,Delaware,DE,CTNYPADE,DEPANYCT,3
Connecticut,CT,Florida,FL,CTNYPAMDVANCGAFL,FLGANCVAMDPANYCT,7
Connecticut,CT,Georgia,GA,CTNYPAMDVANCGA,GANCVAMDPANYCT,6
Connecticut,CT,Idaho,ID,CTNYPAWVKYMONEWYID,IDWYNEMOKYWVPANYCT,8
Connecticut,CT,Illinois,IL,CTNYPAWVKYIL,ILKYWVPANYCT,5
Connecticut,CT,Indiana,IN,CTNYPAOHIN,INOHPANYCT,4
Connecticut,CT,Iowa,IA,CTNYPAWVKYMOIA,IAMOKYWVPANYCT,6
Connecticut,CT,Kansas,KS,CTNYPAWVKYMOKS,KSMOKYWVPANYCT,6
Connecticut,CT,Kentucky,KY,CTNYPAMDVAKY,KYVAMDPANYCT,5
Connecticut,CT,Louisiana,LA,CTNYPAWVKYMOARLA,LAARMOKYWVPANYCT,7
Connecticut,CT,Maine,ME,CTMANHME,MENHMACT,3
Connecticut,CT,Maryland,MD,CTNYPAMD,MDPANYCT,3
Connecticut,CT,Massachusetts,MA,CTMA,MACT,1
Connecticut,CT,Michigan,MI,CTNYPAOHMI,MIOHPANYCT,4
Connecticut,CT,Minnesota,MN,CTNYPAOHMIWIMN,MNWIMIOHPANYCT,6
Connecticut,CT,Mississippi,MS,CTNYPAMDVATNMS,MSTNVAMDPANYCT,6
Connecticut,CT,Missouri,MO,CTNYPAWVKYMO,MOKYWVPANYCT,5
Connecticut,CT,Montana,MT,CTNYPAOHMIWIMNNDMT,MTNDMNWIMIOHPANYCT,8
Connecticut,CT,Nebraska,NE,CTNYPAWVKYMONE,NEMOKYWVPANYCT,6
Connecticut,CT,Nevada,NV,CTNYPAWVKYMOKSCOUTNV,NVUTCOKSMOKYWVPANYCT,9
Connecticut,CT,New Hampshire,NH,CTMANH,NHMACT,2
Connecticut,CT,New Jersey,NJ,CTNYNJ,NJNYCT,2
Connecticut,CT,New Mexico,NM,CTNYPAWVKYMOOKNM,NMOKMOKYWVPANYCT,7
Connecticut,CT,New York,NY,CTNY,NYCT,1
Connecticut,CT,North Carolina,NC,CTNYPAMDVANC,NCVAMDPANYCT,5
Connecticut,CT,North Dakota,ND,CTNYPAOHMIWIMNND,NDMNWIMIOHPANYCT,7
Connecticut,CT,Ohio,OH,CTNYPAOH,OHPANYCT,3
Connecticut,CT,Oklahoma,OK,CTNYPAWVKYMOOK,OKMOKYWVPANYCT,6
Connecticut,CT,Oregon,OR,CTNYPAWVKYMONEWYIDOR,ORIDWYNEMOKYWVPANYCT,9
Connecticut,CT,Pennsylvania,PA,CTNYPA,PANYCT,2
Connecticut,CT,Rhode Island,RI,CTRI,RICT,1
Connecticut,CT,South Carolina,SC,CTNYPAMDVANCSC,SCNCVAMDPANYCT,6
Connecticut,CT,South Dakota,SD,CTNYPAOHMIWIMNSD,SDMNWIMIOHPANYCT,7
Connecticut,CT,Tennessee,TN,CTNYPAMDVATN,TNVAMDPANYCT,5
Connecticut,CT,Texas,TX,CTNYPAWVKYMOOKTX,TXOKMOKYWVPANYCT,7
Connecticut,CT,Utah,UT,CTNYPAWVKYMOKSCOUT,UTCOKSMOKYWVPANYCT,8
Connecticut,CT,Vermont,VT,CTMAVT,VTMACT,2
Connecticut,CT,Virginia,VA,CTNYPAMDVA,VAMDPANYCT,4
Connecticut,CT,Washington,WA,CTNYPAWVKYMONEWYIDWA,WAIDWYNEMOKYWVPANYCT,9
Connecticut,CT,West Virginia,WV,CTNYPAWV,WVPANYCT,3
Connecticut,CT,Wisconsin,WI,CTNYPAOHMIWI,WIMIOHPANYCT,5
Connecticut,CT,Wyoming,WY,CTNYPAWVKYMONEWY,WYNEMOKYWVPANYCT,7
Delaware,DE,Delaware,DE,DE,DE,0
Delaware,DE,Florida,FL,DEMDVATNGAFL,FLGATNVAMDDE,5
Delaware,DE,Georgia,GA,DEMDVANCGA,GANCVAMDDE,4
Delaware,DE,Idaho,ID,DEMDVAKYMONEWYID,IDWYNEMOKYVAMDDE,7
Delaware,DE,Illinois,IL,DEPAOHINIL,ILINOHPADE,4
Delaware,DE,Indiana,IN,DEPAOHIN,INOHPADE,3
Delaware,DE,Iowa,IA,DEMDVAKYMOIA,IAMOKYVAMDDE,5
Delaware,DE,Kansas,KS,DEMDVAKYMOKS,KSMOKYVAMDDE,5
Delaware,DE,Kentucky,KY,DEMDVAKY,KYVAMDDE,3
Delaware,DE,Louisiana,LA,DEMDVATNMSLA,LAMSTNVAMDDE,5
Delaware,DE,Maine,ME,DEPANYVTNHME,MENHVTNYPADE,5
Delaware,DE,Maryland,MD,DEMD,MDDE,1
Delaware,DE,Massachusetts,MA,DEPANYMA,MANYPADE,3
Delaware,DE,Michigan,MI,DEPAOHMI,MIOHPADE,3
Delaware,DE,Minnesota,MN,DEPAOHMIWIMN,MNWIMIOHPADE,5
Delaware,DE,Mississippi,MS,DEMDVATNMS,MSTNVAMDDE,4
Delaware,DE,Missouri,MO,DEMDVAKYMO,MOKYVAMDDE,4
Delaware,DE,Montana,MT,DEPAOHMIWIMNNDMT,MTNDMNWIMIOHPADE,7
Delaware,DE,Nebraska,NE,DEMDVAKYMONE,NEMOKYVAMDDE,5
Delaware,DE,Nevada,NV,DEMDVAKYMOKSCOUTNV,NVUTCOKSMOKYVAMDDE,8
Delaware,DE,New Hampshire,NH,DEPANYMANH,NHMANYPADE,4
Delaware,DE,New Jersey,NJ,DENJ,NJDE,1
Delaware,DE,New Mexico,NM,DEMDVAKYMOOKNM,NMOKMOKYVAMDDE,6
Delaware,DE,New York,NY,DEPANY,NYPADE,2
Delaware,DE,North Carolina,NC,DEMDVANC,NCVAMDDE,3
Delaware,DE,North Dakota,ND,DEPAOHMIWIMNND,NDMNWIMIOHPADE,6
Delaware,DE,Ohio,OH,DEPAOH,OHPADE,2
Delaware,DE,Oklahoma,OK,DEMDVATNAROK,OKARTNVAMDDE,5
Delaware,DE,Oregon,OR,DEMDVAKYMONEWYIDOR,ORIDWYNEMOKYVAMDDE,8
Delaware,DE,Pennsylvania,PA,DEPA,PADE,1
Delaware,DE,Rhode Island,RI,DEPANYCTRI,RICTNYPADE,4
Delaware,DE,South Carolina,SC,DEMDVANCSC,SCNCVAMDDE,4
Delaware,DE,South Dakota,SD,DEMDVAKYMONESD,SDNEMOKYVAMDDE,6
Delaware,DE,Tennessee,TN,DEMDVATN,TNVAMDDE,3
Delaware,DE,Texas,TX,DEMDVATNARTX,TXARTNVAMDDE,5
Delaware,DE,Utah,UT,DEMDVAKYMOKSCOUT,UTCOKSMOKYVAMDDE,7
Delaware,DE,Vermont,VT,DEPANYVT,VTNYPADE,3
Delaware,DE,Virginia,VA,DEMDVA,VAMDDE,2
Delaware,DE,Washington,WA,DEMDVAKYMONEWYIDWA,WAIDWYNEMOKYVAMDDE,8
Delaware,DE,West Virginia,WV,DEMDWV,WVMDDE,2
Delaware,DE,Wisconsin,WI,DEPAOHMIWI,WIMIOHPADE,4
Delaware,DE,Wyoming,WY,DEMDVAKYMONEWY,WYNEMOKYVAMDDE,6
Florida,FL,Florida,FL,FL,FL,0
Florida,FL,Georgia,GA,FLGA,GAFL,1
Florida,FL,Idaho,ID,FLGATNMONEWYID,IDWYNEMOTNGAFL,6
Florida,FL,Illinois,IL,FLGATNMOIL,ILMOTNGAFL,4
Florida,FL,Indiana,IN,FLGATNKYIN,INKYTNGAFL,4
Florida,FL,Iowa,IA,FLGATNMOIA,IAMOTNGAFL,4
Florida,FL,Kansas,KS,FLGATNMOKS,KSMOTNGAFL,4
Florida,FL,Kentucky,KY,FLGATNKY,KYTNGAFL,3
Florida,FL,Louisiana,LA,FLALMSLA,LAMSALFL,3
Florida,FL,Maine,ME,FLGANCVAWVPANYVTNHME,MENHVTNYPAWVVANCGAFL,9
Florida,FL,Maryland,MD,FLGANCVAMD,MDVANCGAFL,4
Florida,FL,Massachusetts,MA,FLGANCVAWVPANYMA,MANYPAWVVANCGAFL,7
Florida,FL,Michigan,MI,FLGATNKYOHMI,MIOHKYTNGAFL,5
Florida,FL,Minnesota,MN,FLGATNMOIAMN,MNIAMOTNGAFL,5
Florida,FL,Mississippi,MS,FLALMS,MSALFL,2
Florida,FL,Missouri,MO,FLGATNMO,MOTNGAFL,3
Florida,FL,Montana,MT,FLGATNMONEWYMT,MTWYNEMOTNGAFL,6
Florida,FL,Nebraska,NE,FLGATNMONE,NEMOTNGAFL,4
Florida,FL,Nevada,NV,FLGATNMOKSCOUTNV,NVUTCOKSMOTNGAFL,7
Florida,FL,New Hampshire,NH,FLGANCVAWVPANYVTNH,NHVTNYPAWVVANCGAFL,8
Florida,FL,New Jersey,NJ,FLGANCVAMDPANJ,NJPAMDVANCGAFL,6
Florida,FL,New Mexico,NM,FLGATNAROKNM,NMOKARTNGAFL,5
Florida,FL,New York,NY,FLGANCVAWVPANY,NYPAWVVANCGAFL,6
Florida,FL,North Carolina,NC,FLGANC,NCGAFL,2
Florida,FL,North Dakota,ND,FLGATNMOIAMNND,NDMNIAMOTNGAFL,6
Florida,FL,Ohio,OH,FLGATNKYOH,OHKYTNGAFL,4
Florida,FL,Oklahoma,OK,FLGATNAROK,OKARTNGAFL,4
Florida,FL,Oregon,OR,FLGATNMONEWYIDOR,ORIDWYNEMOTNGAFL,7
Florida,FL,Pennsylvania,PA,FLGATNKYOHPA,PAOHKYTNGAFL,5
Florida,FL,Rhode Island,RI,FLGANCVAWVPANYMARI,RIMANYPAWVVANCGAFL,8
Florida,FL,South Carolina,SC,FLGASC,SCGAFL,2
Florida,FL,South Dakota,SD,FLGATNMONESD,SDNEMOTNGAFL,5
Florida,FL,Tennessee,TN,FLGATN,TNGAFL,2
Florida,FL,Texas,TX,FLALMSLATX,TXLAMSALFL,4
Florida,FL,Utah,UT,FLGATNMOKSCOUT,UTCOKSMOTNGAFL,6
Florida,FL,Vermont,VT,FLGANCVAWVPANYVT,VTNYPAWVVANCGAFL,7
Florida,FL,Virginia,VA,FLGATNVA,VATNGAFL,3
Florida,FL,Washington,WA,FLGATNMONEWYIDWA,WAIDWYNEMOTNGAFL,7
Florida,FL,West Virginia,WV,FLGATNVAWV,WVVATNGAFL,4
Florida,FL,Wisconsin,WI,FLGATNMOIAWI,WIIAMOTNGAFL,5
Florida,FL,Wyoming,WY,FLGATNMOKSCOWY,WYCOKSMOTNGAFL,6
Georgia,GA,Georgia,GA,GA,GA,0
Georgia,GA,Idaho,ID,GATNMONEWYID,IDWYNEMOTNGA,5
Georgia,GA,Illinois,IL,GATNKYIL,ILKYTNGA,3
Georgia,GA,Indiana,IN,GATNKYIN,INKYTNGA,3
Georgia,GA,Iowa,IA,GATNKYILIA,IAILKYTNGA,4
Georgia,GA,Kansas,KS,GATNMOKS,KSMOTNGA,3
Georgia,GA,Kentucky,KY,GATNKY,KYTNGA,2
Georgia,GA,Louisiana,LA,GAALMSLA,LAMSALGA,3
Georgia,GA,Maine,ME,GANCVAMDPANYVTNHME,MENHVTNYPAMDVANCGA,8
Georgia,GA,Maryland,MD,GANCVAMD,MDVANCGA,3
Georgia,GA,Massachusetts,MA,GANCVAMDPANYMA,MANYPAMDVANCGA,6
Georgia,GA,Michigan,MI,GATNKYOHMI,MIOHKYTNGA,4
Georgia,GA,Minnesota,MN,GATNMOIAMN,MNIAMOTNGA,4
Georgia,GA,Mississippi,MS,GAALMS,MSALGA,2
Georgia,GA,Missouri,MO,GATNMO,MOTNGA,2
Georgia,GA,Montana,MT,GATNMONEWYMT,MTWYNEMOTNGA,5
Georgia,GA,Nebraska,NE,GATNMONE,NEMOTNGA,3
Georgia,GA,Nevada,NV,GATNAROKNMAZNV,NVAZNMOKARTNGA,6
Georgia,GA,New Hampshire,NH,GANCVAMDPANYVTNH,NHVTNYPAMDVANCGA,7
Georgia,GA,New Jersey,NJ,GATNKYWVPANJ,NJPAWVKYTNGA,5
Georgia,GA,New Mexico,NM,GATNAROKNM,NMOKARTNGA,4
Georgia,GA,New York,NY,GATNKYWVPANY,NYPAWVKYTNGA,5
Georgia,GA,North Carolina,NC,GANC,NCGA,1
Georgia,GA,North Dakota,ND,GATNMOIAMNND,NDMNIAMOTNGA,5
Georgia,GA,Ohio,OH,GATNKYOH,OHKYTNGA,3
Georgia,GA,Oklahoma,OK,GATNAROK,OKARTNGA,3
Georgia,GA,Oregon,OR,GATNMONEWYIDOR,ORIDWYNEMOTNGA,6
Georgia,GA,Pennsylvania,PA,GATNKYOHPA,PAOHKYTNGA,4
Georgia,GA,Rhode Island,RI,GANCVAMDPANYMARI,RIMANYPAMDVANCGA,7
Georgia,GA,South Carolina,SC,GASC,SCGA,1
Georgia,GA,South Dakota,SD,GATNMONESD,SDNEMOTNGA,4
Georgia,GA,Tennessee,TN,GATN,TNGA,1
Georgia,GA,Texas,TX,GATNARTX,TXARTNGA,3
Georgia,GA,Utah,UT,GATNMOKSCOUT,UTCOKSMOTNGA,5
Georgia,GA,Vermont,VT,GATNKYWVPANYVT,VTNYPAWVKYTNGA,6
Georgia,GA,Virginia,VA,GATNVA,VATNGA,2
Georgia,GA,Washington,WA,GATNMONEWYIDWA,WAIDWYNEMOTNGA,6
Georgia,GA,West Virginia,WV,GATNKYWV,WVKYTNGA,3
Georgia,GA,Wisconsin,WI,GATNMOIAWI,WIIAMOTNGA,4
Georgia,GA,Wyoming,WY,GATNMONEWY,WYNEMOTNGA,4
Idaho,ID,Idaho,ID,ID,ID,0
Idaho,ID,Illinois,IL,IDWYNEIAIL,ILIANEWYID,4
Idaho,ID,Indiana,IN,IDWYNEIAILIN,INILIANEWYID,5
Idaho,ID,Iowa,IA,IDWYNEIA,IANEWYID,3
Idaho,ID,Kansas,KS,IDWYNEKS,KSNEWYID,3
Idaho,ID,Kentucky,KY,IDWYNEMOKY,KYMONEWYID,4
Idaho,ID,Louisiana,LA,IDWYNEMOARLA,LAARMONEWYID,5
Idaho,ID,Maine,ME,IDWYNEIAILINOHPANYVTNHME,MENHVTNYPAOHINILIANEWYID,11
Idaho,ID,Maryland,MD,IDWYNEMOKYWVMD,MDWVKYMONEWYID,6
Idaho,ID,Massachusetts,MA,IDWYNEIAILINOHPANYMA,MANYPAOHINILIANEWYID,9
Idaho,ID,Michigan,MI,IDWYSDMNWIMI,MIWIMNSDWYID,5
Idaho,ID,Minnesota,MN,IDWYSDMN,MNSDWYID,3
Idaho,ID,Mississippi,MS,IDWYNEMOARMS,MSARMONEWYID,5
Idaho,ID,Missouri,MO,IDWYNEMO,MONEWYID,3
Idaho,ID,Montana,MT,IDMT,MTID,1
Idaho,ID,Nebraska,NE,IDWYNE,NEWYID,2
Idaho,ID,Nevada,NV,IDNV,NVID,1
Idaho,ID,New Hampshire,NH,IDWYNEIAILINOHPANYVTNH,NHVTNYPAOHINILIANEWYID,10
Idaho,ID,New Jersey,NJ,IDWYNEIAILINOHPANJ,NJPAOHINILIANEWYID,8
Idaho,ID,New Mexico,NM,IDUTCONM,NMCOUTID,3
Idaho,ID,New York,NY,IDWYNEIAILINOHPANY,NYPAOHINILIANEWYID,8
Idaho,ID,North Carolina,NC,IDWYNEMOTNNC,NCTNMONEWYID,5
Idaho,ID,North Dakota,ND,IDMTND,NDMTID,2
Idaho,ID,Ohio,OH,IDWYNEMOKYOH,OHKYMONEWYID,5
Idaho,ID,Oklahoma,OK,IDUTCOOK,OKCOUTID,3
Idaho,ID,Oregon,OR,IDOR,ORID,1
Idaho,ID,Pennsylvania,PA,IDWYNEMOKYWVPA,PAWVKYMONEWYID,6
Idaho,ID,Rhode Island,RI,IDWYNEIAILINOHPANYMARI,RIMANYPAOHINILIANEWYID,10
Idaho,ID,South Carolina,SC,IDWYNEMOTNNCSC,SCNCTNMONEWYID,6
Idaho,ID,South Dakota,SD,IDWYSD,SDWYID,2
Idaho,ID,Tennessee,TN,IDWYNEMOTN,TNMONEWYID,4
Idaho,ID,Texas,TX,IDWYCONMTX,TXNMCOWYID,4
Idaho,ID,Utah,UT,IDUT,UTID,1
Idaho,ID,Vermont,VT,IDWYNEIAILINOHPANYVT,VTNYPAOHINILIANEWYID,9
Idaho,ID,Virginia,VA,IDWYNEMOKYVA,VAKYMONEWYID,5
Idaho,ID,Washington,WA,IDWA,WAID,1
Idaho,ID,West Virginia,WV,IDWYNEMOKYWV,WVKYMONEWYID,5
Idaho,ID,Wisconsin,WI,IDWYSDMNWI,WIMNSDWYID,4
Idaho,ID,Wyoming,WY,IDWY,WYID,1
Illinois,IL,Illinois,IL,IL,IL,0
Illinois,IL,Indiana,IN,ILIN,INIL,1
Illinois,IL,Iowa,IA,ILIA,IAIL,1
Illinois,IL,Kansas,KS,ILMOKS,KSMOIL,2
Illinois,IL,Kentucky,KY,ILKY,KYIL,1
Illinois,IL,Louisiana,LA,ILMOARLA,LAARMOIL,3
Illinois,IL,Maine,ME,ILINOHPANYVTNHME,MENHVTNYPAOHINIL,7
Illinois,IL,Maryland,MD,ILKYVAMD,MDVAKYIL,3
Illinois,IL,Massachusetts,MA,ILINOHPANYMA,MANYPAOHINIL,5
Illinois,IL,Michigan,MI,ILINMI,MIINIL,2
Illinois,IL,Minnesota,MN,ILWIMN,MNWIIL,2
Illinois,IL,Mississippi,MS,ILMOARMS,MSARMOIL,3
Illinois,IL,Missouri,MO,ILMO,MOIL,1
Illinois,IL,Montana,MT,ILIASDMT,MTSDIAIL,3
Illinois,IL,Nebraska,NE,ILIANE,NEIAIL,2
Illinois,IL,Nevada,NV,ILMOKSCOUTNV,NVUTCOKSMOIL,5
Illinois,IL,New Hampshire,NH,ILINOHPANYVTNH,NHVTNYPAOHINIL,6
Illinois,IL,New Jersey,NJ,ILINOHPANJ,NJPAOHINIL,4
Illinois,IL,New Mexico,NM,ILMOOKNM,NMOKMOIL,3
Illinois,IL,New York,NY,ILINOHPANY,NYPAOHINIL,4
Illinois,IL,North Carolina,NC,ILKYTNNC,NCTNKYIL,3
Illinois,IL,North Dakota,ND,ILWIMNND,NDMNWIIL,3
Illinois,IL,Ohio,OH,ILINOH,OHINIL,2
Illinois,IL,Oklahoma,OK,ILMOOK,OKMOIL,2
Illinois,IL,Oregon,OR,ILMONEWYIDOR,ORIDWYNEMOIL,5
Illinois,IL,Pennsylvania,PA,ILINOHPA,PAOHINIL,3
Illinois,IL,Rhode Island,RI,ILINOHPANYMARI,RIMANYPAOHINIL,6
Illinois,IL,South Carolina,SC,ILKYTNNCSC,SCNCTNKYIL,4
Illinois,IL,South Dakota,SD,ILIASD,SDIAIL,2
Illinois,IL,Tennessee,TN,ILKYTN,TNKYIL,2
Illinois,IL,Texas,TX,ILMOOKTX,TXOKMOIL,3
Illinois,IL,Utah,UT,ILMOKSCOUT,UTCOKSMOIL,4
Illinois,IL,Vermont,VT,ILINOHPANYVT,VTNYPAOHINIL,5
Illinois,IL,Virginia,VA,ILKYVA,VAKYIL,2
Illinois,IL,Washington,WA,ILMONEWYIDWA,WAIDWYNEMOIL,5
Illinois,IL,West Virginia,WV,ILKYWV,WVKYIL,2
Illinois,IL,Wisconsin,WI,ILWI,WIIL,1
Illinois,IL,Wyoming,WY,ILIANEWY,WYNEIAIL,3
Indiana,IN,Indiana,IN,IN,IN,0
Indiana,IN,Iowa,IA,INILIA,IAILIN,2
Indiana,IN,Kansas,KS,INILMOKS,KSMOILIN,3
Indiana,IN,Kentucky,KY,INKY,KYIN,1
Indiana,IN,Louisiana,LA,INKYTNMSLA,LAMSTNKYIN,4
Indiana,IN,Maine,ME,INOHPANYVTNHME,MENHVTNYPAOHIN,6
Indiana,IN,Maryland,MD,INKYVAMD,MDVAKYIN,3
Indiana,IN,Massachusetts,MA,INOHPANYMA,MANYPAOHIN,4
Indiana,IN,Michigan,MI,INMI,MIIN,1
Indiana,IN,Minnesota,MN,INILWIMN,MNWIILIN,3
Indiana,IN,Mississippi,MS,INKYTNMS,MSTNKYIN,3
Indiana,IN,Missouri,MO,INILMO,MOILIN,2
Indiana,IN,Montana,MT,INILIASDMT,MTSDIAILIN,4
Indiana,IN,Nebraska,NE,INILIANE,NEIAILIN,3
Indiana,IN,Nevada,NV,INILMOKSCOUTNV,NVUTCOKSMOILIN,6
Indiana,IN,New Hampshire,NH,INOHPANYNH,NHNYPAOHIN,4
Indiana,IN,New Jersey,NJ,INOHPANJ,NJPAOHIN,3
Indiana,IN,New Mexico,NM,INILMOKSCONM,NMCOKSMOILIN,5
Indiana,IN,New York,NY,INOHPANY,NYPAOHIN,3
Indiana,IN,North Carolina,NC,INKYTNNC,NCTNKYIN,3
Indiana,IN,North Dakota,ND,INILIASDND,NDSDIAILIN,4
Indiana,IN,Ohio,OH,INOH,OHIN,1
Indiana,IN,Oklahoma,OK,INILMOOK,OKMOILIN,3
Indiana,IN,Oregon,OR,INILMONEWYIDOR,ORIDWYNEMOILIN,6
Indiana,IN,Pennsylvania,PA,INOHPA,PAOHIN,2
Indiana,IN,Rhode Island,RI,INOHPANYMARI,RIMANYPAOHIN,5
Indiana,IN,South Carolina,SC,INKYTNNCSC,SCNCTNKYIN,4
Indiana,IN,South Dakota,SD,INILIASD,SDIAILIN,3
Indiana,IN,Tennessee,TN,INKYTN,TNKYIN,2
Indiana,IN,Texas,TX,INKYTNARTX,TXARTNKYIN,4
Indiana,IN,Utah,UT,INILMOKSCOUT,UTCOKSMOILIN,5
Indiana,IN,Vermont,VT,INOHPANYVT,VTNYPAOHIN,4
Indiana,IN,Virginia,VA,INKYVA,VAKYIN,2
Indiana,IN,Washington,WA,INILMONEWYIDWA,WAIDWYNEMOILIN,6
Indiana,IN,West Virginia,WV,INKYWV,WVKYIN,2
Indiana,IN,Wisconsin,WI,INILWI,WIILIN,2
Indiana,IN,Wyoming,WY,INILMONEWY,WYNEMOILIN,4
Iowa,IA,Iowa,IA,IA,IA,0
Iowa,IA,Kansas,KS,IAMOKS,KSMOIA,2
Iowa,IA,Kentucky,KY,IAMOKY,KYMOIA,2
Iowa,IA,Louisiana,LA,IAMOARLA,LAARMOIA,3
Iowa,IA,Maine,ME,IAWIMIOHPANYVTNHME,MENHVTNYPAOHMIWIIA,8
Iowa,IA,Maryland,MD,IAMOKYVAMD,MDVAKYMOIA,4
Iowa,IA,Massachusetts,MA,IAWIMIOHPANYMA,MANYPAOHMIWIIA,6
Iowa,IA,Michigan,MI,IAWIMI,MIWIIA,2
Iowa,IA,Minnesota,MN,IAMN,MNIA,1
Iowa,IA,Mississippi,MS,IAMOARMS,MSARMOIA,3
Iowa,IA,Missouri,MO,IAMO,MOIA,1
Iowa,IA,Montana,MT,IASDMT,MTSDIA,2
Iowa,IA,Nebraska,NE,IANE,NEIA,1
Iowa,IA,Nevada,NV,IANECOUTNV,NVUTCONEIA,4
Iowa,IA,New Hampshire,NH,IAWIMIOHPANYVTNH,NHVTNYPAOHMIWIIA,7
Iowa,IA,New Jersey,NJ,IAWIMIOHPANJ,NJPAOHMIWIIA,5
Iowa,IA,New Mexico,NM,IANECONM,NMCONEIA,3
Iowa,IA,New York,NY,IAWIMIOHPANY,NYPAOHMIWIIA,5
Iowa,IA,North Carolina,NC,IAMOTNNC,NCTNMOIA,3
Iowa,IA,North Dakota,ND,IASDND,NDSDIA,2
Iowa,IA,Ohio,OH,IAWIMIOH,OHMIWIIA,3
Iowa,IA,Oklahoma,OK,IAMOOK,OKMOIA,2
Iowa,IA,Oregon,OR,IANEWYIDOR,ORIDWYNEIA,4
Iowa,IA,Pennsylvania,PA,IAWIMIOHPA,PAOHMIWIIA,4
Iowa,IA,Rhode Island,RI,IAWIMIOHPANYMARI,RIMANYPAOHMIWIIA,7
Iowa,IA,South Carolina,SC,IAMOTNNCSC,SCNCTNMOIA,4
Iowa,IA,South Dakota,SD,IASD,SDIA,1
Iowa,IA,Tennessee,TN,IAMOTN,TNMOIA,2
Iowa,IA,Texas,TX,IAMOOKTX,TXOKMOIA,3
Iowa,IA,Utah,UT,IANECOUT,UTCONEIA,3
Iowa,IA,Vermont,VT,IAWIMIOHPANYVT,VTNYPAOHMIWIIA,6
Iowa,IA,Virginia,VA,IAMOKYVA,VAKYMOIA,3
Iowa,IA,Washington,WA,IANEWYIDWA,WAIDWYNEIA,4
Iowa,IA,West Virginia,WV,IAMOKYWV,WVKYMOIA,3
Iowa,IA,Wisconsin,WI,IAWI,WIIA,1
Iowa,IA,Wyoming,WY,IANEWY,WYNEIA,2
Kansas,KS,Kansas,KS,KS,KS,0
Kansas,KS,Kentucky,KY,KSMOKY,KYMOKS,2
Kansas,KS,Louisiana,LA,KSOKTXLA,LATXOKKS,3
Kansas,KS,Maine,ME,KSMOKYWVPANYVTNHME,MENHVTNYPAWVKYMOKS,8
Kansas,KS,Maryland,MD,KSMOKYWVMD,MDWVKYMOKS,4
Kansas,KS,Massachusetts,MA,KSMOKYWVPANYMA,MANYPAWVKYMOKS,6
Kansas,KS,Michigan,MI,KSMOKYINMI,MIINKYMOKS,4
Kansas,KS,Minnesota,MN,KSNESDMN,MNSDNEKS,3
Kansas,KS,Mississippi,MS,KSOKARMS,MSAROKKS,3
Kansas,KS,Missouri,MO,KSMO,MOKS,1
Kansas,KS,Montana,MT,KSCOWYMT,MTWYCOKS,3
Kansas,KS,Nebraska,NE,KSNE,NEKS,1
Kansas,KS,Nevada,NV,KSCOUTNV,NVUTCOKS,3
Kansas,KS,New Hampshire,NH,KSMOKYWVPANYVTNH,NHVTNYPAWVKYMOKS,7
Kansas,KS,New Jersey,NJ,KSMOKYWVPANJ,NJPAWVKYMOKS,5
Kansas,KS,New Mexico,NM,KSCONM,NMCOKS,2
Kansas,KS,New York,NY,KSMOKYWVPANY,NYPAWVKYMOKS,5
Kansas,KS,North Carolina,NC,KSMOTNNC,NCTNMOKS,3
Kansas,KS,North Dakota,ND,KSNESDND,NDSDNEKS,3
Kansas,KS,Ohio,OH,KSMOKYOH,OHKYMOKS,3
Kansas,KS,Oklahoma,OK,KSOK,OKKS,1
Kansas,KS,Oregon,OR,KSCOUTNVOR,ORNVUTCOKS,4
Kansas,KS,Pennsylvania,PA,KSMOKYWVPA,PAWVKYMOKS,4
Kansas,KS,Rhode Island,RI,KSMOKYWVPANYMARI,RIMANYPAWVKYMOKS,7
Kansas,KS,South Carolina,SC,KSMOTNNCSC,SCNCTNMOKS,4
Kansas,KS,South Dakota,SD,KSNESD,SDNEKS,2
Kansas,KS,Tennessee,TN,KSMOTN,TNMOKS,2
Kansas,KS,Texas,TX,KSOKTX,TXOKKS,2
Kansas,KS,Utah,UT,KSCOUT,UTCOKS,2
Kansas,KS,Vermont,VT,KSMOKYWVPANYVT,VTNYPAWVKYMOKS,6
Kansas,KS,Virginia,VA,KSMOKYVA,VAKYMOKS,3
Kansas,KS,Washington,WA,KSNEWYIDWA,WAIDWYNEKS,4
Kansas,KS,West Virginia,WV,KSMOKYWV,WVKYMOKS,3
Kansas,KS,Wisconsin,WI,KSMOILWI,WIILMOKS,3
Kansas,KS,Wyoming,WY,KSCOWY,WYCOKS,2
Kentucky,KY,Kentucky,KY,KY,KY,0
Kentucky,KY,Louisiana,LA,KYTNMSLA,LAMSTNKY,3
Kentucky,KY,Maine,ME,KYWVPANYVTNHME,MENHVTNYPAWVKY,6
Kentucky,KY,Maryland,MD,KYWVMD,MDWVKY,2
Kentucky,KY,Massachusetts,MA,KYWVPANYMA,MANYPAWVKY,4
Kentucky,KY,Michigan,MI,KYOHMI,MIOHKY,2
Kentucky,KY,Minnesota,MN,KYMOIAMN,MNIAMOKY,3
Kentucky,KY,Mississippi,MS,KYTNMS,MSTNKY,2
Kentucky,KY,Missouri,MO,KYMO,MOKY,1
Kentucky,KY,Montana,MT,KYMONEWYMT,MTWYNEMOKY,4
Kentucky,KY,Nebraska,NE,KYMONE,NEMOKY,2
Kentucky,KY,Nevada,NV,KYMOKSCOUTNV,NVUTCOKSMOKY,5
Kentucky,KY,New Hampshire,NH,KYWVPANYVTNH,NHVTNYPAWVKY,5
Kentucky,KY,New Jersey,NJ,KYWVPANJ,NJPAWVKY,3
Kentucky,KY,New Mexico,NM,KYMOOKNM,NMOKMOKY,3
Kentucky,KY,New York,NY,KYWVPANY,NYPAWVKY,3
Kentucky,KY,North Carolina,NC,KYVANC,NCVAKY,2
Kentucky,KY,North Dakota,ND,KYMOIAMNND,NDMNIAMOKY,4
Kentucky,KY,Ohio,OH,KYOH,OHKY,1
Kentucky,KY,Oklahoma,OK,KYMOOK,OKMOKY,2
Kentucky,KY,Oregon,OR,KYMONEWYIDOR,ORIDWYNEMOKY,5
Kentucky,KY,Pennsylvania,PA,KYWVPA,PAWVKY,2
Kentucky,KY,Rhode Island,RI,KYWVPANYMARI,RIMANYPAWVKY,5
Kentucky,KY,South Carolina,SC,KYTNGASC,SCGATNKY,3
Kentucky,KY,South Dakota,SD,KYMOIASD,SDIAMOKY,3
Kentucky,KY,Tennessee,TN,KYTN,TNKY,1
Kentucky,KY,Texas,TX,KYMOOKTX,TXOKMOKY,3
Kentucky,KY,Utah,UT,KYMOKSCOUT,UTCOKSMOKY,4
Kentucky,KY,Vermont,VT,KYWVPANYVT,VTNYPAWVKY,4
Kentucky,KY,Virginia,VA,KYVA,VAKY,1
Kentucky,KY,Washington,WA,KYMONEWYIDWA,WAIDWYNEMOKY,5
Kentucky,KY,West Virginia,WV,KYWV,WVKY,1
Kentucky,KY,Wisconsin,WI,KYILWI,WIILKY,2
Kentucky,KY,Wyoming,WY,KYMONEWY,WYNEMOKY,3
Louisiana,LA,Louisiana,LA,LA,LA,0
Louisiana,LA,Maine,ME,LAMSTNVAMDPANYVTNHME,MENHVTNYPAMDVATNMSLA,9
Louisiana,LA,Maryland,MD,LAMSTNVAMD,MDVATNMSLA,4
Louisiana,LA,Massachusetts,MA,LAMSTNVAMDPANYMA,MANYPAMDVATNMSLA,7
Louisiana,LA,Michigan,MI,LAARMOKYINMI,MIINKYMOARLA,5
Louisiana,LA,Minnesota,MN,LAARMOIAMN,MNIAMOARLA,4
Louisiana,LA,Mississippi,MS,LAMS,MSLA,1
Louisiana,LA,Missouri,MO,LAARMO,MOARLA,2
Louisiana,LA,Montana,MT,LATXNMCOWYMT,MTWYCONMTXLA,5
Louisiana,LA,Nebraska,NE,LAARMONE,NEMOARLA,3
Louisiana,LA,Nevada,NV,LATXNMAZNV,NVAZNMTXLA,4
Louisiana,LA,New Hampshire,NH,LAMSTNVAMDPANYVTNH,NHVTNYPAMDVATNMSLA,8
Louisiana,LA,New Jersey,NJ,LAMSTNVAMDPANJ,NJPAMDVATNMSLA,6
Louisiana,LA,New Mexico,NM,LATXNM,NMTXLA,2
Louisiana,LA,New York,NY,LAMSTNVAMDPANY,NYPAMDVATNMSLA,6
Louisiana,LA,North Carolina,NC,LAARTNNC,NCTNARLA,3
Louisiana,LA,North Dakota,ND,LAARMOIAMNND,NDMNIAMOARLA,5
Louisiana,LA,Ohio,OH,LAARTNKYOH,OHKYTNARLA,4
Louisiana,LA,Oklahoma,OK,LATXOK,OKTXLA,2
Louisiana,LA,Oregon,OR,LATXNMAZNVOR,ORNVAZNMTXLA,5
Louisiana,LA,Pennsylvania,PA,LAMSTNVAMDPA,PAMDVATNMSLA,5
Louisiana,LA,Rhode Island,RI,LAMSTNVAMDPANYMARI,RIMANYPAMDVATNMSLA,8
Louisiana,LA,South Carolina,SC,LAMSALGASC,SCGAALMSLA,4
Louisiana,LA,South Dakota,SD,LAARMOIASD,SDIAMOARLA,4
Louisiana,LA,Tennessee,TN,LAARTN,TNARLA,2
Louisiana,LA,Texas,TX,LATX,TXLA,1
Louisiana,LA,Utah,UT,LAAROKCOUT,UTCOOKARLA,4
Louisiana,LA,Vermont,VT,LAMSTNVAMDPANYVT,VTNYPAMDVATNMSLA,7
Louisiana,LA,Virginia,VA,LAARTNVA,VATNARLA,3
Louisiana,LA,Washington,WA,LAARMONEWYIDWA,WAIDWYNEMOARLA,6
Louisiana,LA,West Virginia,WV,LAMSTNVAWV,WVVATNMSLA,4
Louisiana,LA,Wisconsin,WI,LAARMOILWI,WIILMOARLA,4
Louisiana,LA,Wyoming,WY,LAARMONEWY,WYNEMOARLA,4
Maine,ME,Maine,ME,ME,ME,0
Maine,ME,Maryland,MD,MENHVTNYPAMD,MDPANYVTNHME,5
Maine,ME,Massachusetts,MA,MENHMA,MANHME,2
Maine,ME,Michigan,MI,MENHVTNYPAOHMI,MIOHPANYVTNHME,6
Maine,ME,Minnesota,MN,MENHVTNYPAOHMIWIMN,MNWIMIOHPANYVTNHME,8
Maine,ME,Mississippi,MS,MENHVTNYPAWVKYTNMS,MSTNKYWVPANYVTNHME,8
Maine,ME,Missouri,MO,MENHVTNYPAWVKYMO,MOKYWVPANYVTNHME,7
Maine,ME,Montana,MT,MENHVTNYPAWVKYMONEWYMT,MTWYNEMOKYWVPANYVTNHME,10
Maine,ME,Nebraska,NE,MENHVTNYPAWVKYMONE,NEMOKYWVPANYVTNHME,8
Maine,ME,Nevada,NV,MENHVTNYPAWVKYMOKSCOUTNV,NVUTCOKSMOKYWVPANYVTNHME,11
Maine,ME,New Hampshire,NH,MENH,NHME,1
Maine,ME,New Jersey,NJ,MENHVTNYNJ,NJNYVTNHME,4
Maine,ME,New Mexico,NM,MENHVTNYPAWVKYMOOKNM,NMOKMOKYWVPANYVTNHME,9
Maine,ME,New York,NY,MENHVTNY,NYVTNHME,3
Maine,ME,North Carolina,NC,MENHVTNYPAMDVANC,NCVAMDPANYVTNHME,7
Maine,ME,North Dakota,ND,MENHVTNYPAOHMIWIMNND,NDMNWIMIOHPANYVTNHME,9
Maine,ME,Ohio,OH,MENHVTNYPAOH,OHPANYVTNHME,5
Maine,ME,Oklahoma,OK,MENHVTNYPAWVKYMOOK,OKMOKYWVPANYVTNHME,8
Maine,ME,Oregon,OR,MENHVTNYPAWVKYMONEWYIDOR,ORIDWYNEMOKYWVPANYVTNHME,11
Maine,ME,Pennsylvania,PA,MENHVTNYPA,PANYVTNHME,4
Maine,ME,Rhode Island,RI,MENHMARI,RIMANHME,3
Maine,ME,South Carolina,SC,MENHVTNYPAMDVANCSC,SCNCVAMDPANYVTNHME,8
Maine,ME,South Dakota,SD,MENHVTNYPAWVKYMOIASD,SDIAMOKYWVPANYVTNHME,9
Maine,ME,Tennessee,TN,MENHVTNYPAWVKYTN,TNKYWVPANYVTNHME,7
Maine,ME,Texas,TX,MENHVTNYPAWVKYMOOKTX,TXOKMOKYWVPANYVTNHME,9
Maine,ME,Utah,UT,MENHVTNYPAWVKYMOKSCOUT,UTCOKSMOKYWVPANYVTNHME,10
Maine,ME,Vermont,VT,MENHVT,VTNHME,2
Maine,ME,Virginia,VA,MENHVTNYPAWVVA,VAWVPANYVTNHME,6
Maine,ME,Washington,WA,MENHVTNYPAWVKYMONEWYIDWA,WAIDWYNEMOKYWVPANYVTNHME,11
Maine,ME,West Virginia,WV,MENHVTNYPAWV,WVPANYVTNHME,5
Maine,ME,Wisconsin,WI,MENHVTNYPAOHMIWI,WIMIOHPANYVTNHME,7
Maine,ME,Wyoming,WY,MENHVTNYPAWVKYMONEWY,WYNEMOKYWVPANYVTNHME,9
Maryland,MD,Maryland,MD,MD,MD,0
Maryland,MD,Massachusetts,MA,MDPANYMA,MANYPAMD,3
Maryland,MD,Michigan,MI,MDWVOHMI,MIOHWVMD,3
Maryland,MD,Minnesota,MN,MDWVOHMIWIMN,MNWIMIOHWVMD,5
Maryland,MD,Mississippi,MS,MDVATNMS,MSTNVAMD,3
Maryland,MD,Missouri,MO,MDWVKYMO,MOKYWVMD,3
Maryland,MD,Montana,MT,MDWVKYMONEWYMT,MTWYNEMOKYWVMD,6
Maryland,MD,Nebraska,NE,MDVAKYMONE,NEMOKYVAMD,4
Maryland,MD,Nevada,NV,MDWVKYMOKSCOUTNV,NVUTCOKSMOKYWVMD,7
Maryland,MD,New Hampshire,NH,MDPANYVTNH,NHVTNYPAMD,4
Maryland,MD,New Jersey,NJ,MDPANJ,NJPAMD,2
Maryland,MD,New Mexico,NM,MDWVKYMOOKNM,NMOKMOKYWVMD,5
Maryland,MD,New York,NY,MDPANY,NYPAMD,2
Maryland,MD,North Carolina,NC,MDVANC,NCVAMD,2
Maryland,MD,North Dakota,ND,MDWVKYMOIASDND,NDSDIAMOKYWVMD,6
Maryland,MD,Ohio,OH,MDWVOH,OHWVMD,2
Maryland,MD,Oklahoma,OK,MDVAKYMOOK,OKMOKYVAMD,4
Maryland,MD,Oregon,OR,MDWVKYMONEWYIDOR,ORIDWYNEMOKYWVMD,7
Maryland,MD,Pennsylvania,PA,MDPA,PAMD,1
Maryland,MD,Rhode Island,RI,MDPANYMARI,RIMANYPAMD,4
Maryland,MD,South Carolina,SC,MDVANCSC,SCNCVAMD,3
Maryland,MD,South Dakota,SD,MDWVKYMONESD,SDNEMOKYWVMD,5
Maryland,MD,Tennessee,TN,MDVATN,TNVAMD,2
Maryland,MD,Texas,TX,MDVATNARTX,TXARTNVAMD,4
Maryland,MD,Utah,UT,MDWVKYMOKSCOUT,UTCOKSMOKYWVMD,6
Maryland,MD,Vermont,VT,MDPANYVT,VTNYPAMD,3
Maryland,MD,Virginia,VA,MDVA,VAMD,1
Maryland,MD,Washington,WA,MDWVKYMONEWYIDWA,WAIDWYNEMOKYWVMD,7
Maryland,MD,West Virginia,WV,MDWV,WVMD,1
Maryland,MD,Wisconsin,WI,MDPAOHMIWI,WIMIOHPAMD,4
Maryland,MD,Wyoming,WY,MDWVKYMONEWY,WYNEMOKYWVMD,5
Massachusetts,MA,Massachusetts,MA,MA,MA,0
Massachusetts,MA,Michigan,MI,MANYPAOHMI,MIOHPANYMA,4
Massachusetts,MA,Minnesota,MN,MANYPAOHMIWIMN,MNWIMIOHPANYMA,6
Massachusetts,MA,Mississippi,MS,MANYPAWVVATNMS,MSTNVAWVPANYMA,6
Massachusetts,MA,Missouri,MO,MANYPAWVKYMO,MOKYWVPANYMA,5
Massachusetts,MA,Montana,MT,MANYPAWVKYMONEWYMT,MTWYNEMOKYWVPANYMA,8
Massachusetts,MA,Nebraska,NE,MANYPAWVKYMONE,NEMOKYWVPANYMA,6
Massachusetts,MA,Nevada,NV,MANYPAWVKYMOKSCOUTNV,NVUTCOKSMOKYWVPANYMA,9
Massachusetts,MA,New Hampshire,NH,MANH,NHMA,1
Massachusetts,MA,New Jersey,NJ,MANYNJ,NJNYMA,2
Massachusetts,MA,New Mexico,NM,MANYPAWVKYMOOKNM,NMOKMOKYWVPANYMA,7
Massachusetts,MA,New York,NY,MANY,NYMA,1
Massachusetts,MA,North Carolina,NC,MANYPAMDVANC,NCVAMDPANYMA,5
Massachusetts,MA,North Dakota,ND,MANYPAWVKYMOIASDND,NDSDIAMOKYWVPANYMA,8
Massachusetts,MA,Ohio,OH,MANYPAOH,OHPANYMA,3
Massachusetts,MA,Oklahoma,OK,MANYPAWVKYMOOK,OKMOKYWVPANYMA,6
Massachusetts,MA,Oregon,OR,MANYPAWVKYMONEWYIDOR,ORIDWYNEMOKYWVPANYMA,9
Massachusetts,MA,Pennsylvania,PA,MANYPA,PANYMA,2
Massachusetts,MA,Rhode Island,RI,MARI,RIMA,1
Massachusetts,MA,South Carolina,SC,MANYPAMDVANCSC,SCNCVAMDPANYMA,6
Massachusetts,MA,South Dakota,SD,MANYPAWVKYMONESD,SDNEMOKYWVPANYMA,7
Massachusetts,MA,Tennessee,TN,MANYPAWVKYTN,TNKYWVPANYMA,5
Massachusetts,MA,Texas,TX,MANYPAWVKYMOOKTX,TXOKMOKYWVPANYMA,7
Massachusetts,MA,Utah,UT,MANYPAWVKYMOKSCOUT,UTCOKSMOKYWVPANYMA,8
Massachusetts,MA,Vermont,VT,MAVT,VTMA,1
Massachusetts,MA,Virginia,VA,MANYPAMDVA,VAMDPANYMA,4
Massachusetts,MA,Washington,WA,MANYPAWVKYMONEWYIDWA,WAIDWYNEMOKYWVPANYMA,9
Massachusetts,MA,West Virginia,WV,MANYPAWV,WVPANYMA,3
Massachusetts,MA,Wisconsin,WI,MANYPAOHMIWI,WIMIOHPANYMA,5
Massachusetts,MA,Wyoming,WY,MANYPAWVKYMONEWY,WYNEMOKYWVPANYMA,7
Michigan,MI,Michigan,MI,MI,MI,0
Michigan,MI,Minnesota,MN,MIWIMN,MNWIMI,2
Michigan,MI,Mississippi,MS,MIINKYTNMS,MSTNKYINMI,4
Michigan,MI,Missouri,MO,MIINILMO,MOILINMI,3
Michigan,MI,Montana,MT,MIWIMNNDMT,MTNDMNWIMI,4
Michigan,MI,Nebraska,NE,MIWIIANE,NEIAWIMI,3
Michigan,MI,Nevada,NV,MIINKYMOKSCOUTNV,NVUTCOKSMOKYINMI,7
Michigan,MI,New Hampshire,NH,MIOHPANYVTNH,NHVTNYPAOHMI,5
Michigan,MI,New Jersey,NJ,MIOHPANJ,NJPAOHMI,3
Michigan,MI,New Mexico,NM,MIINKYMOOKNM,NMOKMOKYINMI,5
Michigan,MI,New York,NY,MIOHPANY,NYPAOHMI,3
Michigan,MI,North Carolina,NC,MIOHWVVANC,NCVAWVOHMI,4
Michigan,MI,North Dakota,ND,MIWIMNND,NDMNWIMI,3
Michigan,MI,Ohio,OH,MIOH,OHMI,1
Michigan,MI,Oklahoma,OK,MIINKYMOOK,OKMOKYINMI,4
Michigan,MI,Oregon,OR,MIINKYMONEWYIDOR,ORIDWYNEMOKYINMI,7
Michigan,MI,Pennsylvania,PA,MIOHPA,PAOHMI,2
Michigan,MI,Rhode Island,RI,MIOHPANYMARI,RIMANYPAOHMI,5
Michigan,MI,South Carolina,SC,MIOHWVVANCSC,SCNCVAWVOHMI,5
Michigan,MI,South Dakota,SD,MIWIMNSD,SDMNWIMI,3
Michigan,MI,Tennessee,TN,MIOHKYTN,TNKYOHMI,3
Michigan,MI,Texas,TX,MIINKYMOARTX,TXARMOKYINMI,5
Michigan,MI,Utah,UT,MIWIIANECOUT,UTCONEIAWIMI,5
Michigan,MI,Vermont,VT,MIOHPANYVT,VTNYPAOHMI,4
Michigan,MI,Virginia,VA,MIOHWVVA,VAWVOHMI,3
Michigan,MI,Washington,WA,MIWIMNNDMTIDWA,WAIDMTNDMNWIMI,6
Michigan,MI,West Virginia,WV,MIOHWV,WVOHMI,2
Michigan,MI,Wisconsin,WI,MIWI,WIMI,1
Michigan,MI,Wyoming,WY,MIWIMNSDWY,WYSDMNWIMI,4
Minnesota,MN,Minnesota,MN,MN,MN,0
Minnesota,MN,Mississippi,MS,MNIAMOARMS,MSARMOIAMN,4
Minnesota,MN,Missouri,MO,MNIAMO,MOIAMN,2
Minnesota,MN,Montana,MT,MNNDMT,MTNDMN,2
Minnesota,MN,Nebraska,NE,MNSDNE,NESDMN,2
Minnesota,MN,Nevada,NV,MNSDWYUTNV,NVUTWYSDMN,4
Minnesota,MN,New Hampshire,NH,MNWIMIOHPANYVTNH,NHVTNYPAOHMIWIMN,7
Minnesota,MN,New Jersey,NJ,MNWIMIOHPANJ,NJPAOHMIWIMN,5
Minnesota,MN,New Mexico,NM,MNSDNECONM,NMCONESDMN,4
Minnesota,MN,New York,NY,MNWIMIOHPANY,NYPAOHMIWIMN,5
Minnesota,MN,North Carolina,NC,MNIAMOTNNC,NCTNMOIAMN,4
Minnesota,MN,North Dakota,ND,MNND,NDMN,1
Minnesota,MN,Ohio,OH,MNWIMIOH,OHMIWIMN,3
Minnesota,MN,Oklahoma,OK,MNIAMOOK,OKMOIAMN,3
Minnesota,MN,Oregon,OR,MNSDWYIDOR,ORIDWYSDMN,4
Minnesota,MN,Pennsylvania,PA,MNWIMIOHPA,PAOHMIWIMN,4
Minnesota,MN,Rhode Island,RI,MNWIMIOHPANYMARI,RIMANYPAOHMIWIMN,7
Minnesota,MN,South Carolina,SC,MNIAMOTNNCSC,SCNCTNMOIAMN,5
Minnesota,MN,South Dakota,SD,MNSD,SDMN,1
Minnesota,MN,Tennessee,TN,MNIAMOTN,TNMOIAMN,3
Minnesota,MN,Texas,TX,MNIAMOARTX,TXARMOIAMN,4
Minnesota,MN,Utah,UT,MNSDWYUT,UTWYSDMN,3
Minnesota,MN,Vermont,VT,MNWIMIOHPANYVT,VTNYPAOHMIWIMN,6
Minnesota,MN,Virginia,VA,MNIAILKYVA,VAKYILIAMN,4
Minnesota,MN,Washington,WA,MNNDMTIDWA,WAIDMTNDMN,4
Minnesota,MN,West Virginia,WV,MNIAMOKYWV,WVKYMOIAMN,4
Minnesota,MN,Wisconsin,WI,MNWI,WIMN,1
Minnesota,MN,Wyoming,WY,MNSDWY,WYSDMN,2
Mississippi,MS,Mississippi,MS,MS,MS,0
Mississippi,MS,Missouri,MO,MSARMO,MOARMS,2
Mississippi,MS,Montana,MT,MSARMONEWYMT,MTWYNEMOARMS,5
Mississippi,MS,Nebraska,NE,MSARMONE,NEMOARMS,3
Mississippi,MS,Nevada,NV,MSAROKCOUTNV,NVUTCOOKARMS,5
Mississippi,MS,New Hampshire,NH,MSTNVAMDPANYVTNH,NHVTNYPAMDVATNMS,7
Mississippi,MS,New Jersey,NJ,MSTNVAMDPANJ,NJPAMDVATNMS,5
Mississippi,MS,New Mexico,NM,MSLATXNM,NMTXLAMS,3
Mississippi,MS,New York,NY,MSTNVAMDPANY,NYPAMDVATNMS,5
Mississippi,MS,North Carolina,NC,MSTNNC,NCTNMS,2
Mississippi,MS,North Dakota,ND,MSARMOIAMNND,NDMNIAMOARMS,5
Mississippi,MS,Ohio,OH,MSTNKYOH,OHKYTNMS,3
Mississippi,MS,Oklahoma,OK,MSAROK,OKARMS,2
Mississippi,MS,Oregon,OR,MSAROKCOUTNVOR,ORNVUTCOOKARMS,6
Mississippi,MS,Pennsylvania,PA,MSTNVAMDPA,PAMDVATNMS,4
Mississippi,MS,Rhode Island,RI,MSTNVAMDPANYMARI,RIMANYPAMDVATNMS,7
Mississippi,MS,South Carolina,SC,MSALGASC,SCGAALMS,3
Mississippi,MS,South Dakota,SD,MSARMOIASD,SDIAMOARMS,4
Mississippi,MS,Tennessee,TN,MSTN,TNMS,1
Mississippi,MS,Texas,TX,MSLATX,TXLAMS,2
Mississippi,MS,Utah,UT,MSAROKCOUT,UTCOOKARMS,4
Mississippi,MS,Vermont,VT,MSTNVAMDPANYVT,VTNYPAMDVATNMS,6
Mississippi,MS,Virginia,VA,MSTNVA,VATNMS,2
Mississippi,MS,Washington,WA,MSTNMONEWYIDWA,WAIDWYNEMOTNMS,6
Mississippi,MS,West Virginia,WV,MSTNVAWV,WVVATNMS,3
Mississippi,MS,Wisconsin,WI,MSARMOILWI,WIILMOARMS,4
Mississippi,MS,Wyoming,WY,MSAROKCOWY,WYCOOKARMS,4
Missouri,MO,Missouri,MO,MO,MO,0
Missouri,MO,Montana,MT,MONEWYMT,MTWYNEMO,3
Missouri,MO,Nebraska,NE,MONE,NEMO,1
Missouri,MO,Nevada,NV,MOKSCOUTNV,NVUTCOKSMO,4
Missouri,MO,New Hampshire,NH,MOKYWVPANYVTNH,NHVTNYPAWVKYMO,6
Missouri,MO,New Jersey,NJ,MOKYWVPANJ,NJPAWVKYMO,4
Missouri,MO,New Mexico,NM,MOOKNM,NMOKMO,2
Missouri,MO,New York,NY,MOKYWVPANY,NYPAWVKYMO,4
Missouri,MO,North Carolina,NC,MOTNNC,NCTNMO,2
Missouri,MO,North Dakota,ND,MOIAMNND,NDMNIAMO,3
Missouri,MO,Ohio,OH,MOKYOH,OHKYMO,2
Missouri,MO,Oklahoma,OK,MOOK,OKMO,1
Missouri,MO,Oregon,OR,MONEWYIDOR,ORIDWYNEMO,4
Missouri,MO,Pennsylvania,PA,MOKYWVPA,PAWVKYMO,3
Missouri,MO,Rhode Island,RI,MOKYWVPANYMARI,RIMANYPAWVKYMO,6
Missouri,MO,South Carolina,SC,MOTNNCSC,SCNCTNMO,3
Missouri,MO,South Dakota,SD,MONESD,SDNEMO,2
Missouri,MO,Tennessee,TN,MOTN,TNMO,1
Missouri,MO,Texas,TX,MOOKTX,TXOKMO,2
Missouri,MO,Utah,UT,MOKSCOUT,UTCOKSMO,3
Missouri,MO,Vermont,VT,MOKYWVPANYVT,VTNYPAWVKYMO,5
Missouri,MO,Virginia,VA,MOKYVA,VAKYMO,2
Missouri,MO,Washington,WA,MONEWYIDWA,WAIDWYNEMO,4
Missouri,MO,West Virginia,WV,MOKYWV,WVKYMO,2
Missouri,MO,Wisconsin,WI,MOILWI,WIILMO,2
Missouri,MO,Wyoming,WY,MONEWY,WYNEMO,2
Montana,MT,Montana,MT,MT,MT,0
Montana,MT,Nebraska,NE,MTWYNE,NEWYMT,2
Montana,MT,Nevada,NV,MTIDNV,NVIDMT,2
Montana,MT,New Hampshire,NH,MTWYNEMOKYWVPANYVTNH,NHVTNYPAWVKYMONEWYMT,9
Montana,MT,New Jersey,NJ,MTWYNEMOKYWVPANJ,NJPAWVKYMONEWYMT,7
Montana,MT,New Mexico,NM,MTWYCONM,NMCOWYMT,3
Montana,MT,New York,NY,MTWYNEMOKYWVPANY,NYPAWVKYMONEWYMT,7
Montana,MT,North Carolina,NC,MTWYNEMOTNNC,NCTNMONEWYMT,5
Montana,MT,North Dakota,ND,MTND,NDMT,1
Montana,MT,Ohio,OH,MTNDMNWIMIOH,OHMIWIMNNDMT,5
Montana,MT,Oklahoma,OK,MTWYCOOK,OKCOWYMT,3
Montana,MT,Oregon,OR,MTIDOR,ORIDMT,2
Montana,MT,Pennsylvania,PA,MTWYNEMOKYWVPA,PAWVKYMONEWYMT,6
Montana,MT,Rhode Island,RI,MTWYNEMOKYWVPANYMARI,RIMANYPAWVKYMONEWYMT,9
Montana,MT,South Carolina,SC,MTWYNEMOTNNCSC,SCNCTNMONEWYMT,6
Montana,MT,South Dakota,SD,MTSD,SDMT,1
Montana,MT,Tennessee,TN,MTWYNEMOTN,TNMONEWYMT,4
Montana,MT,Texas,TX,MTWYCONMTX,TXNMCOWYMT,4
Montana,MT,Utah,UT,MTIDUT,UTIDMT,2
Montana,MT,Vermont,VT,MTWYNEMOKYWVPANYVT,VTNYPAWVKYMONEWYMT,8
Montana,MT,Virginia,VA,MTWYNEMOKYVA,VAKYMONEWYMT,5
Montana,MT,Washington,WA,MTIDWA,WAIDMT,2
Montana,MT,West Virginia,WV,MTWYNEMOKYWV,WVKYMONEWYMT,5
Montana,MT,Wisconsin,WI,MTNDMNWI,WIMNNDMT,3
Montana,MT,Wyoming,WY,MTWY,WYMT,1
Nebraska,NE,Nebraska,NE,NE,NE,0
Nebraska,NE,Nevada,NV,NECOUTNV,NVUTCONE,3
Nebraska,NE,New Hampshire,NH,NEMOKYWVPANYVTNH,NHVTNYPAWVKYMONE,7
Nebraska,NE,New Jersey,NJ,NEMOKYWVPANJ,NJPAWVKYMONE,5
Nebraska,NE,New Mexico,NM,NECONM,NMCONE,2
Nebraska,NE,New York,NY,NEMOKYWVPANY,NYPAWVKYMONE,5
Nebraska,NE,North Carolina,NC,NEMOTNNC,NCTNMONE,3
Nebraska,NE,North Dakota,ND,NESDND,NDSDNE,2
Nebraska,NE,Ohio,OH,NEMOKYOH,OHKYMONE,3
Nebraska,NE,Oklahoma,OK,NEKSOK,OKKSNE,2
Nebraska,NE,Oregon,OR,NEWYIDOR,ORIDWYNE,3
Nebraska,NE,Pennsylvania,PA,NEMOKYWVPA,PAWVKYMONE,4
Nebraska,NE,Rhode Island,RI,NEMOKYWVPANYMARI,RIMANYPAWVKYMONE,7
Nebraska,NE,South Carolina,SC,NEMOTNNCSC,SCNCTNMONE,4
Nebraska,NE,South Dakota,SD,NESD,SDNE,1
Nebraska,NE,Tennessee,TN,NEMOTN,TNMONE,2
Nebraska,NE,Texas,TX,NEKSOKTX,TXOKKSNE,3
Nebraska,NE,Utah,UT,NECOUT,UTCONE,2
Nebraska,NE,Vermont,VT,NEMOKYWVPANYVT,VTNYPAWVKYMONE,6
Nebraska,NE,Virginia,VA,NEMOKYVA,VAKYMONE,3
Nebraska,NE,Washington,WA,NEWYIDWA,WAIDWYNE,3
Nebraska,NE,West Virginia,WV,NEMOKYWV,WVKYMONE,3
Nebraska,NE,Wisconsin,WI,NEIAWI,WIIANE,2
Nebraska,NE,Wyoming,WY,NEWY,WYNE,1
Nevada,NV,Nevada,NV,NV,NV,0
Nevada,NV,New Hampshire,NH,NVUTCOKSMOKYWVPANYVTNH,NHVTNYPAWVKYMOKSCOUTNV,10
Nevada,NV,New Jersey,NJ,NVUTCOKSMOKYWVPANJ,NJPAWVKYMOKSCOUTNV,8
Nevada,NV,New Mexico,NM,NVAZNM,NMAZNV,2
Nevada,NV,New York,NY,NVUTCOKSMOKYWVPANY,NYPAWVKYMOKSCOUTNV,8
Nevada,NV,North Carolina,NC,NVUTCOKSMOTNNC,NCTNMOKSCOUTNV,6
Nevada,NV,North Dakota,ND,NVIDMTND,NDMTIDNV,3
Nevada,NV,Ohio,OH,NVUTCOKSMOKYOH,OHKYMOKSCOUTNV,6
Nevada,NV,Oklahoma,OK,NVUTCOOK,OKCOUTNV,3
Nevada,NV,Oregon,OR,NVOR,ORNV,1
Nevada,NV,Pennsylvania,PA,NVUTCOKSMOKYWVPA,PAWVKYMOKSCOUTNV,7
Nevada,NV,Rhode Island,RI,NVUTCOKSMOKYWVPANYMARI,RIMANYPAWVKYMOKSCOUTNV,10
Nevada,NV,South Carolina,SC,NVUTCOKSMOTNNCSC,SCNCTNMOKSCOUTNV,7
Nevada,NV,South Dakota,SD,NVUTWYSD,SDWYUTNV,3
Nevada,NV,Tennessee,TN,NVUTCOKSMOTN,TNMOKSCOUTNV,5
Nevada,NV,Texas,TX,NVAZNMTX,TXNMAZNV,3
Nevada,NV,Utah,UT,NVUT,UTNV,1
Nevada,NV,Vermont,VT,NVUTCOKSMOKYWVPANYVT,VTNYPAWVKYMOKSCOUTNV,9
Nevada,NV,Virginia,VA,NVUTCOKSMOKYVA,VAKYMOKSCOUTNV,6
Nevada,NV,Washington,WA,NVORWA,WAORNV,2
Nevada,NV,West Virginia,WV,NVUTCOKSMOKYWV,WVKYMOKSCOUTNV,6
Nevada,NV,Wisconsin,WI,NVUTCONEIAWI,WIIANECOUTNV,5
Nevada,NV,Wyoming,WY,NVUTWY,WYUTNV,2
New Hampshire,NH,New Hampshire,NH,NH,NH,0
New Hampshire,NH,New Jersey,NJ,NHVTNYNJ,NJNYVTNH,3
New Hampshire,NH,New Mexico,NM,NHVTNYPAWVKYMOOKNM,NMOKMOKYWVPANYVTNH,8
New Hampshire,NH,New York,NY,NHNY,NYNH,1
New Hampshire,NH,North Carolina,NC,NHVTNYPAMDVANC,NCVAMDPANYVTNH,6
New Hampshire,NH,North Dakota,ND,NHVTNYPAWVKYMOIASDND,NDSDIAMOKYWVPANYVTNH,9
New Hampshire,NH,Ohio,OH,NHVTNYPAOH,OHPANYVTNH,4
New Hampshire,NH,Oklahoma,OK,NHVTNYPAWVKYMOOK,OKMOKYWVPANYVTNH,7
New Hampshire,NH,Oregon,OR,NHVTNYPAWVKYMONEWYIDOR,ORIDWYNEMOKYWVPANYVTNH,10
New Hampshire,NH,Pennsylvania,PA,NHVTNYPA,PANYVTNH,3
New Hampshire,NH,Rhode Island,RI,NHMARI,RIMANH,2
New Hampshire,NH,South Carolina,SC,NHVTNYPAMDVANCSC,SCNCVAMDPANYVTNH,7
New Hampshire,NH,South Dakota,SD,NHVTNYPAWVKYMONESD,SDNEMOKYWVPANYVTNH,8
New Hampshire,NH,Tennessee,TN,NHVTNYPAWVKYTN,TNKYWVPANYVTNH,6
New Hampshire,NH,Texas,TX,NHVTNYPAWVKYMOOKTX,TXOKMOKYWVPANYVTNH,8
New Hampshire,NH,Utah,UT,NHVTNYPAWVKYMOKSCOUT,UTCOKSMOKYWVPANYVTNH,9
New Hampshire,NH,Vermont,VT,NHVT,VTNH,1
New Hampshire,NH,Virginia,VA,NHVTNYPAMDVA,VAMDPANYVTNH,5
New Hampshire,NH,Washington,WA,NHNYPAWVKYMONEWYIDWA,WAIDWYNEMOKYWVPANYNH,9
New Hampshire,NH,West Virginia,WV,NHVTNYPAWV,WVPANYVTNH,4
New Hampshire,NH,Wisconsin,WI,NHVTNYPAOHMIWI,WIMIOHPANYVTNH,6
New Hampshire,NH,Wyoming,WY,NHVTNYPAWVKYMONEWY,WYNEMOKYWVPANYVTNH,8
New Jersey,NJ,New Jersey,NJ,NJ,NJ,0
New Jersey,NJ,New Mexico,NM,NJPAWVKYMOOKNM,NMOKMOKYWVPANJ,6
New Jersey,NJ,New York,NY,NJNY,NYNJ,1
New Jersey,NJ,North Carolina,NC,NJPAMDVANC,NCVAMDPANJ,4
New Jersey,NJ,North Dakota,ND,NJPAWVKYMOIASDND,NDSDIAMOKYWVPANJ,7
New Jersey,NJ,Ohio,OH,NJPAOH,OHPANJ,2
New Jersey,NJ,Oklahoma,OK,NJPAWVKYMOOK,OKMOKYWVPANJ,5
New Jersey,NJ,Oregon,OR,NJPAWVKYMONEWYIDOR,ORIDWYNEMOKYWVPANJ,8
New Jersey,NJ,Pennsylvania,PA,NJPA,PANJ,1
New Jersey,NJ,Rhode Island,RI,NJNYCTRI,RICTNYNJ,3
New Jersey,NJ,South Carolina,SC,NJPAMDVANCSC,SCNCVAMDPANJ,5
New Jersey,NJ,South Dakota,SD,NJPAWVKYMONESD,SDNEMOKYWVPANJ,6
New Jersey,NJ,Tennessee,TN,NJPAWVKYTN,TNKYWVPANJ,4
New Jersey,NJ,Texas,TX,NJPAWVKYMOOKTX,TXOKMOKYWVPANJ,6
New Jersey,NJ,Utah,UT,NJPAWVKYMOKSCOUT,UTCOKSMOKYWVPANJ,7
New Jersey,NJ,Vermont,VT,NJNYVT,VTNYNJ,2
New Jersey,NJ,Virginia,VA,NJPAMDVA,VAMDPANJ,3
New Jersey,NJ,Washington,WA,NJPAWVKYMONEWYIDWA,WAIDWYNEMOKYWVPANJ,8
New Jersey,NJ,West Virginia,WV,NJPAWV,WVPANJ,2
New Jersey,NJ,Wisconsin,WI,NJPAOHMIWI,WIMIOHPANJ,4
New Jersey,NJ,Wyoming,WY,NJPAWVKYMONEWY,WYNEMOKYWVPANJ,6
New Mexico,NM,New Mexico,NM,NM,NM,0
New Mexico,NM,New York,NY,NMOKMOKYWVPANY,NYPAWVKYMOOKNM,6
New Mexico,NM,North Carolina,NC,NMOKMOTNNC,NCTNMOOKNM,4
New Mexico,NM,North Dakota,ND,NMCOWYSDND,NDSDWYCONM,4
New Mexico,NM,Ohio,OH,NMOKMOKYOH,OHKYMOOKNM,4
New Mexico,NM,Oklahoma,OK,NMOK,OKNM,1
New Mexico,NM,Oregon,OR,NMAZNVOR,ORNVAZNM,3
New Mexico,NM,Pennsylvania,PA,NMOKMOKYWVPA,PAWVKYMOOKNM,5
New Mexico,NM,Rhode Island,RI,NMOKMOKYWVPANYMARI,RIMANYPAWVKYMOOKNM,8
New Mexico,NM,South Carolina,SC,NMOKMOTNNCSC,SCNCTNMOOKNM,5
New Mexico,NM,South Dakota,SD,NMCOWYSD,SDWYCONM,3
New Mexico,NM,Tennessee,TN,NMOKMOTN,TNMOOKNM,3
New Mexico,NM,Texas,TX,NMTX,TXNM,1
New Mexico,NM,Utah,UT,NMCOUT,UTCONM,2
New Mexico,NM,Vermont,VT,NMOKMOKYWVPANYVT,VTNYPAWVKYMOOKNM,7
New Mexico,NM,Virginia,VA,NMOKMOKYVA,VAKYMOOKNM,4
New Mexico,NM,Washington,WA,NMAZNVORWA,WAORNVAZNM,4
New Mexico,NM,West Virginia,WV,NMOKMOKYWV,WVKYMOOKNM,4
New Mexico,NM,Wisconsin,WI,NMCONEIAWI,WIIANECONM,4
New Mexico,NM,Wyoming,WY,NMCOWY,WYCONM,2
New York,NY,New York,NY,NY,NY,0
New York,NY,North Carolina,NC,NYPAMDVANC,NCVAMDPANY,4
New York,NY,North Dakota,ND,NYPAWVKYMOIASDND,NDSDIAMOKYWVPANY,7
New York,NY,Ohio,OH,NYPAOH,OHPANY,2
New York,NY,Oklahoma,OK,NYPAWVKYMOOK,OKMOKYWVPANY,5
New York,NY,Oregon,OR,NYPAWVKYMONEWYIDOR,ORIDWYNEMOKYWVPANY,8
New York,NY,Pennsylvania,PA,NYPA,PANY,1
New York,NY,Rhode Island,RI,NYMARI,RIMANY,2
New York,NY,South Carolina,SC,NYPAMDVANCSC,SCNCVAMDPANY,5
New York,NY,South Dakota,SD,NYPAWVKYMONESD,SDNEMOKYWVPANY,6
New York,NY,Tennessee,TN,NYPAWVKYTN,TNKYWVPANY,4
New York,NY,Texas,TX,NYPAWVKYMOOKTX,TXOKMOKYWVPANY,6
New York,NY,Utah,UT,NYPAWVKYMOKSCOUT,UTCOKSMOKYWVPANY,7
New York,NY,Vermont,VT,NYVT,VTNY,1
New York,NY,Virginia,VA,NYPAMDVA,VAMDPANY,3
New York,NY,Washington,WA,NYPAWVKYMONEWYIDWA,WAIDWYNEMOKYWVPANY,8
New York,NY,West Virginia,WV,NYPAWV,WVPANY,2
New York,NY,Wisconsin,WI,NYPAOHMIWI,WIMIOHPANY,4
New York,NY,Wyoming,WY,NYPAWVKYMONEWY,WYNEMOKYWVPANY,6
North Carolina,NC,North Carolina,NC,NC,NC,0
North Carolina,NC,North Dakota,ND,NCTNMOIASDND,NDSDIAMOTNNC,5
North Carolina,NC,Ohio,OH,NCVAWVOH,OHWVVANC,3
North Carolina,NC,Oklahoma,OK,NCTNAROK,OKARTNNC,3
North Carolina,NC,Oregon,OR,NCTNMONEWYIDOR,ORIDWYNEMOTNNC,6
North Carolina,NC,Pennsylvania,PA,NCVAMDPA,PAMDVANC,3
North Carolina,NC,Rhode Island,RI,NCVAMDPANYMARI,RIMANYPAMDVANC,6
North Carolina,NC,South Carolina,SC,NCSC,SCNC,1
North Carolina,NC,South Dakota,SD,NCTNMOIASD,SDIAMOTNNC,4
North Carolina,NC,Tennessee,TN,NCTN,TNNC,1
North Carolina,NC,Texas,TX,NCTNARTX,TXARTNNC,3
North Carolina,NC,Utah,UT,NCTNMOKSCOUT,UTCOKSMOTNNC,5
North Carolina,NC,Vermont,VT,NCVAMDPANYVT,VTNYPAMDVANC,5
North Carolina,NC,Virginia,VA,NCVA,VANC,1
North Carolina,NC,Washington,WA,NCTNMONEWYIDWA,WAIDWYNEMOTNNC,6
North Carolina,NC,West Virginia,WV,NCVAWV,WVVANC,2
North Carolina,NC,Wisconsin,WI,NCTNMOILWI,WIILMOTNNC,4
North Carolina,NC,Wyoming,WY,NCTNMONEWY,WYNEMOTNNC,4
North Dakota,ND,North Dakota,ND,ND,ND,0
North Dakota,ND,Ohio,OH,NDMNWIMIOH,OHMIWIMNND,4
North Dakota,ND,Oklahoma,OK,NDSDNEKSOK,OKKSNESDND,4
North Dakota,ND,Oregon,OR,NDMTIDOR,ORIDMTND,3
North Dakota,ND,Pennsylvania,PA,NDMNWIMIOHPA,PAOHMIWIMNND,5
North Dakota,ND,Rhode Island,RI,NDMNWIMIOHPANYMARI,RIMANYPAOHMIWIMNND,8
North Dakota,ND,South Carolina,SC,NDMNIAMOTNNCSC,SCNCTNMOIAMNND,6
North Dakota,ND,South Dakota,SD,NDSD,SDND,1
North Dakota,ND,Tennessee,TN,NDMNIAMOTN,TNMOIAMNND,4
North Dakota,ND,Texas,TX,NDSDNEKSOKTX,TXOKKSNESDND,5
North Dakota,ND,Utah,UT,NDSDWYUT,UTWYSDND,3
North Dakota,ND,Vermont,VT,NDMNWIMIOHPANYVT,VTNYPAOHMIWIMNND,7
North Dakota,ND,Virginia,VA,NDMNIAMOKYVA,VAKYMOIAMNND,5
North Dakota,ND,Washington,WA,NDMTIDWA,WAIDMTND,3
North Dakota,ND,West Virginia,WV,NDMNIAMOKYWV,WVKYMOIAMNND,5
North Dakota,ND,Wisconsin,WI,NDMNWI,WIMNND,2
North Dakota,ND,Wyoming,WY,NDSDWY,WYSDND,2
Ohio,OH,Ohio,OH,OH,OH,0
Ohio,OH,Oklahoma,OK,OHKYMOOK,OKMOKYOH,3
Ohio,OH,Oregon,OR,OHKYMONEWYIDOR,ORIDWYNEMOKYOH,6
Ohio,OH,Pennsylvania,PA,OHPA,PAOH,1
Ohio,OH,Rhode Island,RI,OHPANYMARI,RIMANYPAOH,4
Ohio,OH,South Carolina,SC,OHWVVANCSC,SCNCVAWVOH,4
Ohio,OH,South Dakota,SD,OHMIWIMNSD,SDMNWIMIOH,4
Ohio,OH,Tennessee,TN,OHKYTN,TNKYOH,2
Ohio,OH,Texas,TX,OHKYTNARTX,TXARTNKYOH,4
Ohio,OH,Utah,UT,OHKYMOKSCOUT,UTCOKSMOKYOH,5
Ohio,OH,Vermont,VT,OHPANYVT,VTNYPAOH,3
Ohio,OH,Virginia,VA,OHWVVA,VAWVOH,2
Ohio,OH,Washington,WA,OHKYMONEWYIDWA,WAIDWYNEMOKYOH,6
Ohio,OH,West Virginia,WV,OHWV,WVOH,1
Ohio,OH,Wisconsin,WI,OHMIWI,WIMIOH,2
Ohio,OH,Wyoming,WY,OHKYMONEWY,WYNEMOKYOH,4
Oklahoma,OK,Oklahoma,OK,OK,OK,0
Oklahoma,OK,Oregon,OR,OKCOUTNVOR,ORNVUTCOOK,4
Oklahoma,OK,Pennsylvania,PA,OKMOKYWVPA,PAWVKYMOOK,4
Oklahoma,OK,Rhode Island,RI,OKMOKYWVPANYMARI,RIMANYPAWVKYMOOK,7
Oklahoma,OK,South Carolina,SC,OKARTNNCSC,SCNCTNAROK,4
Oklahoma,OK,South Dakota,SD,OKKSNESD,SDNEKSOK,3
Oklahoma,OK,Tennessee,TN,OKARTN,TNAROK,2
Oklahoma,OK,Texas,TX,OKTX,TXOK,1
Oklahoma,OK,Utah,UT,OKCOUT,UTCOOK,2
Oklahoma,OK,Vermont,VT,OKMOKYWVPANYVT,VTNYPAWVKYMOOK,6
Oklahoma,OK,Virginia,VA,OKMOKYVA,VAKYMOOK,3
Oklahoma,OK,Washington,WA,OKCOWYIDWA,WAIDWYCOOK,4
Oklahoma,OK,West Virginia,WV,OKMOKYWV,WVKYMOOK,3
Oklahoma,OK,Wisconsin,WI,OKMOILWI,WIILMOOK,3
Oklahoma,OK,Wyoming,WY,OKCOWY,WYCOOK,2
Oregon,OR,Oregon,OR,OR,OR,0
Oregon,OR,Pennsylvania,PA,ORIDWYNEMOKYWVPA,PAWVKYMONEWYIDOR,7
Oregon,OR,Rhode Island,RI,ORIDWYNEMOKYWVPANYMARI,RIMANYPAWVKYMONEWYIDOR,10
Oregon,OR,South Carolina,SC,ORIDWYNEMOTNNCSC,SCNCTNMONEWYIDOR,7
Oregon,OR,South Dakota,SD,ORIDWYSD,SDWYIDOR,3
Oregon,OR,Tennessee,TN,ORIDWYNEMOTN,TNMONEWYIDOR,5
Oregon,OR,Texas,TX,ORNVAZNMTX,TXNMAZNVOR,4
Oregon,OR,Utah,UT,ORNEUT,UTNEOR,2
Oregon,OR,Vermont,VT,ORIDWYNEMOKYWVPANYVT,VTNYPAWVKYMONEWYIDOR,9
Oregon,OR,Virginia,VA,ORIDWYNEMOKYVA,VAKYMONEWYIDOR,6
Oregon,OR,Washington,WA,ORWA,WAOR,1
Oregon,OR,West Virginia,WV,ORIDWYNEMOKYWV,WVKYMONEWYIDOR,6
Oregon,OR,Wisconsin,WI,ORIDWYNEIAWI,WIIANEWYIDOR,5
Oregon,OR,Wyoming,WY,ORIDWY,WYIDOR,2
Pennsylvania,PA,Pennsylvania,PA,PA,PA,0
Pennsylvania,PA,Rhode Island,RI,PANYMARI,RIMANYPA,3
Pennsylvania,PA,South Carolina,SC,PAWVVANCSC,SCNCVAWVPA,4
Pennsylvania,PA,South Dakota,SD,PAWVKYMOIASD,SDIAMOKYWVPA,5
Pennsylvania,PA,Tennessee,TN,PAWVKYTN,TNKYWVPA,3
Pennsylvania,PA,Texas,TX,PAWVKYMOOKTX,TXOKMOKYWVPA,5
Pennsylvania,PA,Utah,UT,PAWVKYMOKSCOUT,UTCOKSMOKYWVPA,6
Pennsylvania,PA,Vermont,VT,PANYVT,VTNYPA,2
Pennsylvania,PA,Virginia,VA,PAMDVA,VAMDPA,2
Pennsylvania,PA,Washington,WA,PAWVKYMONEWYIDWA,WAIDWYNEMOKYWVPA,7
Pennsylvania,PA,West Virginia,WV,PAWV,WVPA,1
Pennsylvania,PA,Wisconsin,WI,PAOHMIWI,WIMIOHPA,3
Pennsylvania,PA,Wyoming,WY,PAWVKYMONEWY,WYNEMOKYWVPA,5
Rhode Island,RI,Rhode Island,RI,RI,RI,0
Rhode Island,RI,South Carolina,SC,RIMANYPAWVVANCSC,SCNCVAWVPANYMARI,7
Rhode Island,RI,South Dakota,SD,RIMANYPAWVKYMONESD,SDNEMOKYWVPANYMARI,8
Rhode Island,RI,Tennessee,TN,RIMANYPAWVKYTN,TNKYWVPANYMARI,6
Rhode Island,RI,Texas,TX,RIMANYPAWVKYMOOKTX,TXOKMOKYWVPANYMARI,8
Rhode Island,RI,Utah,UT,RIMANYPAWVKYMOKSCOUT,UTCOKSMOKYWVPANYMARI,9
Rhode Island,RI,Vermont,VT,RIMAVT,VTMARI,2
Rhode Island,RI,Virginia,VA,RIMANYPAWVVA,VAWVPANYMARI,5
Rhode Island,RI,Washington,WA,RIMANYPAWVKYMONEWYIDWA,WAIDWYNEMOKYWVPANYMARI,10
Rhode Island,RI,West Virginia,WV,RIMANYPAWV,WVPANYMARI,4
Rhode Island,RI,Wisconsin,WI,RIMANYPAOHMIWI,WIMIOHPANYMARI,6
Rhode Island,RI,Wyoming,WY,RIMANYPAWVKYMONEWY,WYNEMOKYWVPANYMARI,8
South Carolina,SC,South Carolina,SC,SC,SC,0
South Carolina,SC,South Dakota,SD,SCNCTNMOIASD,SDIAMOTNNCSC,5
South Carolina,SC,Tennessee,TN,SCNCTN,TNNCSC,2
South Carolina,SC,Texas,TX,SCNCTNARTX,TXARTNNCSC,4
South Carolina,SC,Utah,UT,SCNCTNMOKSCOUT,UTCOKSMOTNNCSC,6
South Carolina,SC,Vermont,VT,SCNCVAMDPANYVT,VTNYPAMDVANCSC,6
South Carolina,SC,Virginia,VA,SCNCVA,VANCSC,2
South Carolina,SC,Washington,WA,SCNCTNMONEWYIDWA,WAIDWYNEMOTNNCSC,7
South Carolina,SC,West Virginia,WV,SCNCVAWV,WVVANCSC,3
South Carolina,SC,Wisconsin,WI,SCNCTNMOIAWI,WIIAMOTNNCSC,5
South Carolina,SC,Wyoming,WY,SCNCTNMONEWY,WYNEMOTNNCSC,5
South Dakota,SD,South Dakota,SD,SD,SD,0
South Dakota,SD,Tennessee,TN,SDNEMOTN,TNMONESD,3
South Dakota,SD,Texas,TX,SDNEKSOKTX,TXOKKSNESD,4
South Dakota,SD,Utah,UT,SDWYUT,UTWYSD,2
South Dakota,SD,Vermont,VT,SDMNWIMIOHPANYVT,VTNYPAOHMIWIMNSD,7
South Dakota,SD,Virginia,VA,SDNEMOKYVA,VAKYMONESD,4
South Dakota,SD,Washington,WA,SDMTIDWA,WAIDMTSD,3
South Dakota,SD,West Virginia,WV,SDNEMOKYWV,WVKYMONESD,4
South Dakota,SD,Wisconsin,WI,SDMNWI,WIMNSD,2
South Dakota,SD,Wyoming,WY,SDWY,WYSD,1
Tennessee,TN,Tennessee,TN,TN,TN,0
Tennessee,TN,Texas,TX,TNARTX,TXARTN,2
Tennessee,TN,Utah,UT,TNMOKSCOUT,UTCOKSMOTN,4
Tennessee,TN,Vermont,VT,TNVAWVPANYVT,VTNYPAWVVATN,5
Tennessee,TN,Virginia,VA,TNVA,VATN,1
Tennessee,TN,Washington,WA,TNMONEWYIDWA,WAIDWYNEMOTN,5
Tennessee,TN,West Virginia,WV,TNKYWV,WVKYTN,2
Tennessee,TN,Wisconsin,WI,TNMOIAWI,WIIAMOTN,3
Tennessee,TN,Wyoming,WY,TNMONEWY,WYNEMOTN,3
Texas,TX,Texas,TX,TX,TX,0
Texas,TX,Utah,UT,TXNMCOUT,UTCONMTX,3
Texas,TX,Vermont,VT,TXOKMOKYWVPANYVT,VTNYPAWVKYMOOKTX,7
Texas,TX,Virginia,VA,TXARTNVA,VATNARTX,3
Texas,TX,Washington,WA,TXNMAZNVORWA,WAORNVAZNMTX,5
Texas,TX,West Virginia,WV,TXOKMOKYWV,WVKYMOOKTX,4
Texas,TX,Wisconsin,WI,TXARMOILWI,WIILMOARTX,4
Texas,TX,Wyoming,WY,TXNMCOWY,WYCONMTX,3
Utah,UT,Utah,UT,UT,UT,0
Utah,UT,Vermont,VT,UTCOKSMOKYWVPANYVT,VTNYPAWVKYMOKSCOUT,8
Utah,UT,Virginia,VA,UTCOKSMOKYVA,VAKYMOKSCOUT,5
Utah,UT,Washington,WA,UTIDWA,WAIDUT,2
Utah,UT,West Virginia,WV,UTCOKSMOKYWV,WVKYMOKSCOUT,5
Utah,UT,Wisconsin,WI,UTCONEIAWI,WIIANECOUT,4
Utah,UT,Wyoming,WY,UTWY,WYUT,1
Vermont,VT,Vermont,VT,VT,VT,0
Vermont,VT,Virginia,VA,VTNYPAMDVA,VAMDPANYVT,4
Vermont,VT,Washington,WA,VTNYPAWVKYMONEWYIDWA,WAIDWYNEMOKYWVPANYVT,9
Vermont,VT,West Virginia,WV,VTNYPAWV,WVPANYVT,3
Vermont,VT,Wisconsin,WI,VTNYPAOHMIWI,WIMIOHPANYVT,5
Vermont,VT,Wyoming,WY,VTNYPAWVKYMONEWY,WYNEMOKYWVPANYVT,7
Virginia,VA,Virginia,VA,VA,VA,0
Virginia,VA,Washington,WA,VAKYMONEWYIDWA,WAIDWYNEMOKYVA,6
Virginia,VA,West Virginia,WV,VAWV,WVVA,1
Virginia,VA,Wisconsin,WI,VAKYILWI,WIILKYVA,3
Virginia,VA,Wyoming,WY,VAKYMONEWY,WYNEMOKYVA,4
Washington,WA,Washington,WA,WA,WA,0
Washington,WA,West Virginia,WV,WAIDWYNEMOKYWV,WVKYMONEWYIDWA,6
Washington,WA,Wisconsin,WI,WAIDMTNDMNWI,WIMNNDMTIDWA,5
Washington,WA,Wyoming,WY,WAIDWY,WYIDWA,2
West Virginia,WV,West Virginia,WV,WV,WV,0
West Virginia,WV,Wisconsin,WI,WVOHMIWI,WIMIOHWV,3
West Virginia,WV,Wyoming,WY,WVKYMONEWY,WYNEMOKYWV,4
Wisconsin,WI,Wisconsin,WI,WI,WI,0
Wisconsin,WI,Wyoming,WY,WIMNSDWY,WYSDMNWI,3
Wyoming,WY,Wyoming,WY,WY,WY,0
